<?xml version = '1.0' encoding = 'UTF-8'?>
<Entity class="oracle.dbtools.crest.model.design.logical.Entity" directorySegmentName="seg_0" id="1E3F621F-AF8A-B51A-90DA-BC373ED6FB61" name="REVISOR">
<createdBy>alexa</createdBy>
<createdTime>2023-02-26 16:10:43 UTC</createdTime>
<ownerDesignName>trabajo</ownerDesignName>
<engineerTo>
<item key="03EF0D5B-0B82-2CC0-2155-A2403BC5A217" value="true"/>
</engineerTo>
<adequatelyNormalized>NO</adequatelyNormalized>
<expectedVolumes>0</expectedVolumes>
<fwdEngineeringStrategyName>Single Table</fwdEngineeringStrategyName>
<growthPercent>0</growthPercent>
<growthType>Year</growthType>
<hierarchicalParent>7AADC981-C8BE-A897-0A68-7816F7797B19</hierarchicalParent>
<maxVolumes>9999999</maxVolumes>
<minVolumes>0</minVolumes>
<normalForm>Third</normalForm>
<attributes itemClass="oracle.dbtools.crest.model.design.logical.Attribute">
<Attribute name="numero_revisados" id="4565C08F-17F8-B8E8-93DE-1E021BD3A40D">
<createdBy>alexa</createdBy>
<createdTime>2023-02-26 16:10:52 UTC</createdTime>
<ownerDesignName>trabajo</ownerDesignName>
<engineerTo>
<item key="03EF0D5B-0B82-2CC0-2155-A2403BC5A217" value="true"/>
</engineerTo>
<nullsAllowed>true</nullsAllowed>
<useDomainConstraints>false</useDomainConstraints>
<use>1</use>
<logicalDatatype>LOGDT011</logicalDatatype>
<ownDataTypeParameters>,,</ownDataTypeParameters>
</Attribute>
<Attribute name="especialidad" id="210C6F22-A96B-C2AC-A066-7C523A742E39">
<createdBy>alexa</createdBy>
<createdTime>2023-02-26 16:11:10 UTC</createdTime>
<ownerDesignName>trabajo</ownerDesignName>
<engineerTo>
<item key="03EF0D5B-0B82-2CC0-2155-A2403BC5A217" value="true"/>
</engineerTo>
<nullsAllowed>true</nullsAllowed>
<useDomainConstraints>false</useDomainConstraints>
<use>1</use>
<logicalDatatype>LOGDT024</logicalDatatype>
<dataTypeSize>20 CHAR</dataTypeSize>
<ownDataTypeParameters>20 CHAR,,</ownDataTypeParameters>
</Attribute>
<Attribute name="fecha_envio2" id="DAE81602-FB93-E5EC-0F5D-2A7EB695AA60">
<createdBy>majid</createdBy>
<createdTime>2023-05-12 14:23:01 UTC</createdTime>
<comment><![CDATA[fecha_envio
porcentaje]]></comment>
<generatorID>21BC6CBB-7175-175E-8C8F-A46055932815</generatorID>
<ownerDesignName>trabajo</ownerDesignName>
<engineerTo>
<item key="03EF0D5B-0B82-2CC0-2155-A2403BC5A217" value="true"/>
</engineerTo>
<referedAttribute>F001C651-24F4-2D8F-1341-D59576A6C0FC</referedAttribute>
<useDomainConstraints>false</useDomainConstraints>
<use>1</use>
<logicalDatatype>LOGDT007</logicalDatatype>
<ownDataTypeParameters>,,</ownDataTypeParameters>
</Attribute>
</attributes>
</Entity>