<?xml version = '1.0' encoding = 'UTF-8'?>
<Entity class="oracle.dbtools.crest.model.design.logical.Entity" directorySegmentName="seg_0" id="54732A73-C457-2389-9312-B665758C8DF6" name="SALA">
<createdBy>alexa</createdBy>
<createdTime>2023-02-26 15:45:29 UTC</createdTime>
<ownerDesignName>trabajo</ownerDesignName>
<engineerTo>
<item key="03EF0D5B-0B82-2CC0-2155-A2403BC5A217" value="true"/>
</engineerTo>
<adequatelyNormalized>NO</adequatelyNormalized>
<expectedVolumes>0</expectedVolumes>
<fwdEngineeringStrategyName>Single Table</fwdEngineeringStrategyName>
<growthPercent>0</growthPercent>
<growthType>Year</growthType>
<maxVolumes>9999999</maxVolumes>
<minVolumes>0</minVolumes>
<normalForm>Third</normalForm>
<attributes itemClass="oracle.dbtools.crest.model.design.logical.Attribute">
<Attribute name="identificador" id="6E8BEFAE-B21F-3EC8-BB9E-271D3F0CA5CC">
<createdBy>alexa</createdBy>
<createdTime>2023-02-26 15:45:42 UTC</createdTime>
<ownerDesignName>trabajo</ownerDesignName>
<engineerTo>
<item key="03EF0D5B-0B82-2CC0-2155-A2403BC5A217" value="true"/>
</engineerTo>
<useDomainConstraints>false</useDomainConstraints>
<use>1</use>
<logicalDatatype>LOGDT024</logicalDatatype>
<dataTypeSize>20 CHAR</dataTypeSize>
<ownDataTypeParameters>20 CHAR,,</ownDataTypeParameters>
</Attribute>
<Attribute name="enlace" id="CB5BA816-E52A-23D8-CCC5-E619ED09B228">
<createdBy>alexa</createdBy>
<createdTime>2023-02-26 15:46:16 UTC</createdTime>
<comment><![CDATA[valor_numerico
localizacion
enlace
protocolo]]></comment>
<ownerDesignName>trabajo</ownerDesignName>
<engineerTo>
<item key="03EF0D5B-0B82-2CC0-2155-A2403BC5A217" value="true"/>
</engineerTo>
<nullsAllowed>true</nullsAllowed>
<useDomainConstraints>false</useDomainConstraints>
<use>1</use>
<logicalDatatype>LOGDT024</logicalDatatype>
<dataTypeSize>50 CHAR</dataTypeSize>
<ownDataTypeParameters>50 CHAR,,</ownDataTypeParameters>
</Attribute>
<Attribute name="virtual" id="9830D274-854E-34C5-D1B4-81AC73F0BDC6">
<createdBy>alexa</createdBy>
<createdTime>2023-02-26 15:47:04 UTC</createdTime>
<ownerDesignName>trabajo</ownerDesignName>
<engineerTo>
<item key="03EF0D5B-0B82-2CC0-2155-A2403BC5A217" value="true"/>
</engineerTo>
<nullsAllowed>true</nullsAllowed>
<useDomainConstraints>false</useDomainConstraints>
<use>1</use>
<logicalDatatype>LOGDT006</logicalDatatype>
<dataTypeSize>1 BYTE</dataTypeSize>
<ownDataTypeParameters>1 BYTE,,</ownDataTypeParameters>
</Attribute>
<Attribute name="nombre" id="DDE67DFF-83EC-B51F-70BF-5BBE34C9AC65">
<createdBy>alexa</createdBy>
<createdTime>2023-02-26 15:48:35 UTC</createdTime>
<generatorID>F43CE3F8-0971-DDA4-F80F-FBD429B2C307</generatorID>
<ownerDesignName>trabajo</ownerDesignName>
<engineerTo>
<item key="03EF0D5B-0B82-2CC0-2155-A2403BC5A217" value="true"/>
</engineerTo>
<referedAttribute>BFD2FCD2-F58A-7AF3-9474-2B95304F9812</referedAttribute>
<useDomainConstraints>false</useDomainConstraints>
<use>1</use>
<logicalDatatype>LOGDT024</logicalDatatype>
<dataTypeSize>50 CHAR</dataTypeSize>
<ownDataTypeParameters>,,</ownDataTypeParameters>
</Attribute>
<Attribute name="localizacion" id="8E7FBFB0-1158-F4AE-8C7B-EE4A64941DF4">
<createdBy>majid</createdBy>
<createdTime>2023-05-12 14:38:10 UTC</createdTime>
<ownerDesignName>trabajo</ownerDesignName>
<engineerTo>
<item key="03EF0D5B-0B82-2CC0-2155-A2403BC5A217" value="true"/>
</engineerTo>
<nullsAllowed>true</nullsAllowed>
<useDomainConstraints>false</useDomainConstraints>
<use>1</use>
<logicalDatatype>LOGDT024</logicalDatatype>
<dataTypeSize>50 CHAR</dataTypeSize>
<ownDataTypeParameters>50 CHAR,,</ownDataTypeParameters>
</Attribute>
</attributes>
<identifiers itemClass="oracle.dbtools.crest.model.design.logical.CandidateKey">
<identifier id="0E7DAF08-C749-61E6-1405-6ECC4E519D99" name="SALA PK">
<createdBy>alexa</createdBy>
<createdTime>2023-02-26 15:46:10 UTC</createdTime>
<ownerDesignName>trabajo</ownerDesignName>
<engineerTo>
<item key="03EF0D5B-0B82-2CC0-2155-A2403BC5A217" value="true"/>
</engineerTo>
<pk>true</pk>
<usedAttributes>
<attributeRef>6E8BEFAE-B21F-3EC8-BB9E-271D3F0CA5CC</attributeRef>
</usedAttributes>
</identifier>
</identifiers>
</Entity>