<?xml version = '1.0' encoding = 'UTF-8'?>
<Entity class="oracle.dbtools.crest.model.design.logical.Entity" directorySegmentName="seg_0" id="5E85D7AD-E893-0737-B6DB-70F0E9D35B0D" name="AUTOR">
<createdBy>alexa</createdBy>
<createdTime>2023-02-26 16:12:47 UTC</createdTime>
<ownerDesignName>trabajo</ownerDesignName>
<engineerTo>
<item key="7D4801BD-C6D6-AC74-B650-542F94487197" value="true"/>
</engineerTo>
<adequatelyNormalized>NO</adequatelyNormalized>
<expectedVolumes>0</expectedVolumes>
<fwdEngineeringStrategyName>Single Table</fwdEngineeringStrategyName>
<growthPercent>0</growthPercent>
<growthType>Year</growthType>
<hierarchicalParent>7AADC981-C8BE-A897-0A68-7816F7797B19</hierarchicalParent>
<maxVolumes>9999999</maxVolumes>
<minVolumes>0</minVolumes>
<normalForm>Third</normalForm>
<attributes itemClass="oracle.dbtools.crest.model.design.logical.Attribute">
<Attribute name="orcid" id="CEDA8435-6D30-899A-4960-1B109572FAD1">
<createdBy>alexa</createdBy>
<createdTime>2023-02-26 16:13:03 UTC</createdTime>
<ownerDesignName>trabajo</ownerDesignName>
<engineerTo>
<item key="7D4801BD-C6D6-AC74-B650-542F94487197" value="true"/>
</engineerTo>
<useDomainConstraints>false</useDomainConstraints>
<use>1</use>
<logicalDatatype>LOGDT024</logicalDatatype>
<dataTypeSize>16 CHAR</dataTypeSize>
<ownDataTypeParameters>16 CHAR,,</ownDataTypeParameters>
</Attribute>
<Attribute name="indice_h" id="5AF5B782-B564-E07C-168D-4DA9A0C03393">
<createdBy>alexa</createdBy>
<createdTime>2023-02-26 16:13:30 UTC</createdTime>
<ownerDesignName>trabajo</ownerDesignName>
<engineerTo>
<item key="7D4801BD-C6D6-AC74-B650-542F94487197" value="true"/>
</engineerTo>
<nullsAllowed>true</nullsAllowed>
<useDomainConstraints>false</useDomainConstraints>
<use>1</use>
<logicalDatatype>LOGDT011</logicalDatatype>
<ownDataTypeParameters>,,</ownDataTypeParameters>
</Attribute>
<Attribute name="estudios" id="AE34B95A-B018-F42D-AE53-25AD90B76475">
<createdBy>alexa</createdBy>
<createdTime>2023-02-26 16:13:46 UTC</createdTime>
<ownerDesignName>trabajo</ownerDesignName>
<engineerTo>
<item key="7D4801BD-C6D6-AC74-B650-542F94487197" value="true"/>
</engineerTo>
<nullsAllowed>true</nullsAllowed>
<useDomainConstraints>false</useDomainConstraints>
<use>1</use>
<logicalDatatype>LOGDT024</logicalDatatype>
<dataTypeSize>20 CHAR</dataTypeSize>
<ownDataTypeParameters>20 CHAR,,</ownDataTypeParameters>
</Attribute>
</attributes>
<identifiers itemClass="oracle.dbtools.crest.model.design.logical.CandidateKey">
<identifier id="72B01648-1DB5-7450-5C4A-38C2191AA211" name="AUTOR PK">
<createdBy>alexa</createdBy>
<createdTime>2023-02-26 16:13:29 UTC</createdTime>
<ownerDesignName>trabajo</ownerDesignName>
<engineerTo>
<item key="7D4801BD-C6D6-AC74-B650-542F94487197" value="true"/>
</engineerTo>
<pk>true</pk>
<usedAttributes>
<attributeRef>CEDA8435-6D30-899A-4960-1B109572FAD1</attributeRef>
</usedAttributes>
</identifier>
</identifiers>
</Entity>