<?xml version = '1.0' encoding = 'UTF-8'?>
<Entity class="oracle.dbtools.crest.model.design.logical.Entity" directorySegmentName="seg_0" id="5EDE7C81-D8A6-5A1E-40A7-1D805CB74CE6" name="REVISTA">
<createdBy>alexa</createdBy>
<createdTime>2023-02-26 14:43:15 UTC</createdTime>
<ownerDesignName>trabajo</ownerDesignName>
<engineerTo>
<item key="03EF0D5B-0B82-2CC0-2155-A2403BC5A217" value="true"/>
</engineerTo>
<adequatelyNormalized>NO</adequatelyNormalized>
<expectedVolumes>0</expectedVolumes>
<fwdEngineeringStrategyName>Single Table</fwdEngineeringStrategyName>
<growthPercent>0</growthPercent>
<growthType>Year</growthType>
<maxVolumes>9999999</maxVolumes>
<minVolumes>0</minVolumes>
<normalForm>Third</normalForm>
<attributes itemClass="oracle.dbtools.crest.model.design.logical.Attribute">
<Attribute name="issn" id="2EC5F9D6-6121-36C3-3D84-4E78AC21E12E">
<createdBy>alexa</createdBy>
<createdTime>2023-02-26 14:43:34 UTC</createdTime>
<ownerDesignName>trabajo</ownerDesignName>
<engineerTo>
<item key="03EF0D5B-0B82-2CC0-2155-A2403BC5A217" value="true"/>
</engineerTo>
<useDomainConstraints>false</useDomainConstraints>
<use>1</use>
<logicalDatatype>LOGDT011</logicalDatatype>
<ownDataTypeParameters>,,</ownDataTypeParameters>
</Attribute>
<Attribute name="nombre" id="2135685D-D7A4-C122-7AE9-AB5DA47ACB17">
<createdBy>alexa</createdBy>
<createdTime>2023-02-26 14:43:58 UTC</createdTime>
<ownerDesignName>trabajo</ownerDesignName>
<engineerTo>
<item key="03EF0D5B-0B82-2CC0-2155-A2403BC5A217" value="true"/>
</engineerTo>
<nullsAllowed>true</nullsAllowed>
<useDomainConstraints>false</useDomainConstraints>
<use>1</use>
<logicalDatatype>LOGDT024</logicalDatatype>
<dataTypeSize>20 CHAR</dataTypeSize>
<ownDataTypeParameters>20 CHAR,,</ownDataTypeParameters>
</Attribute>
<Attribute name="lista_revisores" id="3268703F-807D-43B0-6C13-DC1475F237E3">
<createdBy>alexa</createdBy>
<createdTime>2023-02-26 14:44:21 UTC</createdTime>
<ownerDesignName>trabajo</ownerDesignName>
<engineerTo>
<item key="03EF0D5B-0B82-2CC0-2155-A2403BC5A217" value="true"/>
</engineerTo>
<nullsAllowed>true</nullsAllowed>
<useDomainConstraints>false</useDomainConstraints>
<use>1</use>
<logicalDatatype>LOGDT024</logicalDatatype>
<dataTypeSize>200 CHAR</dataTypeSize>
<ownDataTypeParameters>200 CHAR,,</ownDataTypeParameters>
</Attribute>
<Attribute name="puntuacion" id="9764C808-BDAE-830C-4FE7-11BA82B9FC43">
<createdBy>alexa</createdBy>
<createdTime>2023-02-26 14:58:48 UTC</createdTime>
<comment><![CDATA[nombre_coeficiente
ano
campo]]></comment>
<commentInRDBMS><![CDATA[multievaluado]]></commentInRDBMS>
<ownerDesignName>trabajo</ownerDesignName>
<engineerTo>
<item key="03EF0D5B-0B82-2CC0-2155-A2403BC5A217" value="true"/>
</engineerTo>
<nullsAllowed>true</nullsAllowed>
<useDomainConstraints>false</useDomainConstraints>
<use>1</use>
<logicalDatatype>LOGDT024</logicalDatatype>
<dataTypeSize>20 CHAR</dataTypeSize>
<ownDataTypeParameters>20 CHAR,,</ownDataTypeParameters>
</Attribute>
<Attribute name="doi" id="F7FC94AD-D7E5-79C3-9C8D-30F05ED5EBFF">
<createdBy>alexa</createdBy>
<createdTime>2023-02-26 15:42:51 UTC</createdTime>
<generatorID>3AE9BA7C-C1BE-3DF3-65AA-30A4C69D5DAA</generatorID>
<ownerDesignName>trabajo</ownerDesignName>
<engineerTo>
<item key="03EF0D5B-0B82-2CC0-2155-A2403BC5A217" value="true"/>
</engineerTo>
<referedAttribute>2B33E8B3-77D3-8254-80CA-1F277709D2E7</referedAttribute>
<useDomainConstraints>false</useDomainConstraints>
<use>1</use>
<logicalDatatype>LOGDT024</logicalDatatype>
<dataTypeSize>50 CHAR</dataTypeSize>
<ownDataTypeParameters>50 CHAR,,</ownDataTypeParameters>
</Attribute>
<Attribute name="nombre_coefficiente" id="CAD2B6B7-FBA0-1A95-ED47-AB8731CC739A">
<createdBy>majid</createdBy>
<createdTime>2023-05-12 14:29:15 UTC</createdTime>
<ownerDesignName>trabajo</ownerDesignName>
<engineerTo>
<item key="03EF0D5B-0B82-2CC0-2155-A2403BC5A217" value="true"/>
</engineerTo>
<nullsAllowed>true</nullsAllowed>
<useDomainConstraints>false</useDomainConstraints>
<use>1</use>
<logicalDatatype>LOGDT025</logicalDatatype>
<dataTypeSize>20</dataTypeSize>
<ownDataTypeParameters>20,,</ownDataTypeParameters>
</Attribute>
<Attribute name="año" id="935AE705-FDB1-9B7B-C3A5-3417B9D6E162">
<createdBy>majid</createdBy>
<createdTime>2023-05-12 14:30:48 UTC</createdTime>
<ownerDesignName>trabajo</ownerDesignName>
<engineerTo>
<item key="03EF0D5B-0B82-2CC0-2155-A2403BC5A217" value="true"/>
</engineerTo>
<nullsAllowed>true</nullsAllowed>
<useDomainConstraints>false</useDomainConstraints>
<use>1</use>
<logicalDatatype>LOGDT008</logicalDatatype>
<ownDataTypeParameters>,,</ownDataTypeParameters>
</Attribute>
<Attribute name="campo" id="D34F868E-CCD1-0006-B67F-A8E7CBBF8265">
<createdBy>majid</createdBy>
<createdTime>2023-05-12 14:31:11 UTC</createdTime>
<ownerDesignName>trabajo</ownerDesignName>
<engineerTo>
<item key="03EF0D5B-0B82-2CC0-2155-A2403BC5A217" value="true"/>
</engineerTo>
<nullsAllowed>true</nullsAllowed>
<useDomainConstraints>false</useDomainConstraints>
<use>1</use>
<logicalDatatype>LOGDT025</logicalDatatype>
<dataTypeSize>20 CHAR</dataTypeSize>
<ownDataTypeParameters>20 CHAR,,</ownDataTypeParameters>
</Attribute>
</attributes>
<identifiers itemClass="oracle.dbtools.crest.model.design.logical.CandidateKey">
<identifier id="896D68E4-C9D0-8A6C-B49E-7105CE91DAF0" name="REVISTA PK">
<createdBy>alexa</createdBy>
<createdTime>2023-02-26 14:43:56 UTC</createdTime>
<ownerDesignName>trabajo</ownerDesignName>
<engineerTo>
<item key="03EF0D5B-0B82-2CC0-2155-A2403BC5A217" value="true"/>
</engineerTo>
<pk>true</pk>
<usedAttributes>
<attributeRef>2EC5F9D6-6121-36C3-3D84-4E78AC21E12E</attributeRef>
</usedAttributes>
</identifier>
</identifiers>
</Entity>