<?xml version = '1.0' encoding = 'UTF-8'?>
<Entity class="oracle.dbtools.crest.model.design.logical.Entity" directorySegmentName="seg_0" id="76BA529D-210D-AE67-8062-FBAB4074C63E" name="REVISION">
<createdBy>alexa</createdBy>
<createdTime>2023-02-26 16:17:39 UTC</createdTime>
<ownerDesignName>trabajo</ownerDesignName>
<engineerTo>
<item key="03EF0D5B-0B82-2CC0-2155-A2403BC5A217" value="true"/>
</engineerTo>
<adequatelyNormalized>NO</adequatelyNormalized>
<expectedVolumes>0</expectedVolumes>
<fwdEngineeringStrategyName>Single Table</fwdEngineeringStrategyName>
<growthPercent>0</growthPercent>
<growthType>Year</growthType>
<maxVolumes>9999999</maxVolumes>
<minVolumes>0</minVolumes>
<normalForm>Third</normalForm>
<attributes itemClass="oracle.dbtools.crest.model.design.logical.Attribute">
<Attribute name="fecha_envio1" id="3BC35385-1018-C889-BE73-6F66D080DAEB">
<createdBy>alexa</createdBy>
<createdTime>2023-02-26 16:17:47 UTC</createdTime>
<comment><![CDATA[fecha_envio
cambios
fecha_respuesta]]></comment>
<ownerDesignName>trabajo</ownerDesignName>
<engineerTo>
<item key="03EF0D5B-0B82-2CC0-2155-A2403BC5A217" value="true"/>
</engineerTo>
<nullsAllowed>true</nullsAllowed>
<useDomainConstraints>false</useDomainConstraints>
<use>1</use>
<logicalDatatype>LOGDT007</logicalDatatype>
<ownDataTypeParameters>,,</ownDataTypeParameters>
</Attribute>
<Attribute name="fecha_envio2" id="F001C651-24F4-2D8F-1341-D59576A6C0FC">
<createdBy>alexa</createdBy>
<createdTime>2023-02-26 16:18:23 UTC</createdTime>
<comment><![CDATA[fecha_envio
porcentaje]]></comment>
<ownerDesignName>trabajo</ownerDesignName>
<engineerTo>
<item key="03EF0D5B-0B82-2CC0-2155-A2403BC5A217" value="true"/>
</engineerTo>
<useDomainConstraints>false</useDomainConstraints>
<use>1</use>
<logicalDatatype>LOGDT007</logicalDatatype>
<ownDataTypeParameters>,,</ownDataTypeParameters>
</Attribute>
<Attribute name="fecha_respuesta" id="C474745E-A943-2902-5102-E80EE06DD653">
<createdBy>majid</createdBy>
<createdTime>2023-05-12 14:21:29 UTC</createdTime>
<ownerDesignName>trabajo</ownerDesignName>
<engineerTo>
<item key="03EF0D5B-0B82-2CC0-2155-A2403BC5A217" value="true"/>
</engineerTo>
<nullsAllowed>true</nullsAllowed>
<useDomainConstraints>false</useDomainConstraints>
<use>1</use>
<logicalDatatype>LOGDT007</logicalDatatype>
<ownDataTypeParameters>,,</ownDataTypeParameters>
</Attribute>
<Attribute name="cambios" id="DD752EEB-58F3-754D-43D1-ACD27A3BEB11">
<createdBy>majid</createdBy>
<createdTime>2023-05-12 14:21:54 UTC</createdTime>
<ownerDesignName>trabajo</ownerDesignName>
<engineerTo>
<item key="03EF0D5B-0B82-2CC0-2155-A2403BC5A217" value="true"/>
</engineerTo>
<nullsAllowed>true</nullsAllowed>
<useDomainConstraints>false</useDomainConstraints>
<use>1</use>
<logicalDatatype>LOGDT025</logicalDatatype>
<dataTypeSize>20 CHAR</dataTypeSize>
<ownDataTypeParameters>20 CHAR,,</ownDataTypeParameters>
</Attribute>
<Attribute name="porcentaje" id="93C7E5C4-40CB-782B-72FC-D7E8A97A54D5">
<createdBy>majid</createdBy>
<createdTime>2023-05-12 14:23:18 UTC</createdTime>
<ownerDesignName>trabajo</ownerDesignName>
<engineerTo>
<item key="03EF0D5B-0B82-2CC0-2155-A2403BC5A217" value="true"/>
</engineerTo>
<nullsAllowed>true</nullsAllowed>
<useDomainConstraints>false</useDomainConstraints>
<use>1</use>
<logicalDatatype>LOGDT037</logicalDatatype>
<dataTypeSize>10 CHAR</dataTypeSize>
<ownDataTypeParameters>10 CHAR,,</ownDataTypeParameters>
</Attribute>
</attributes>
<identifiers itemClass="oracle.dbtools.crest.model.design.logical.CandidateKey">
<identifier id="F949D74D-9CDF-6ECC-A8A5-7C31C08FC30B" name="REVISION PK">
<createdBy>majid</createdBy>
<createdTime>2023-05-12 14:11:55 UTC</createdTime>
<ownerDesignName>trabajo</ownerDesignName>
<engineerTo>
<item key="03EF0D5B-0B82-2CC0-2155-A2403BC5A217" value="true"/>
</engineerTo>
<pk>true</pk>
<usedAttributes>
<attributeRef>F001C651-24F4-2D8F-1341-D59576A6C0FC</attributeRef>
</usedAttributes>
</identifier>
</identifiers>
</Entity>