<?xml version = '1.0' encoding = 'UTF-8'?>
<Entity class="oracle.dbtools.crest.model.design.logical.Entity" directorySegmentName="seg_0" id="E7D57458-9878-7B37-C395-6655CEDA0805" name="CONGRESO">
<createdBy>alexa</createdBy>
<createdTime>2023-02-26 15:00:10 UTC</createdTime>
<ownerDesignName>trabajo</ownerDesignName>
<engineerTo>
<item key="03EF0D5B-0B82-2CC0-2155-A2403BC5A217" value="true"/>
</engineerTo>
<adequatelyNormalized>NO</adequatelyNormalized>
<expectedVolumes>0</expectedVolumes>
<fwdEngineeringStrategyName>Single Table</fwdEngineeringStrategyName>
<growthPercent>0</growthPercent>
<growthType>Year</growthType>
<maxVolumes>9999999</maxVolumes>
<minVolumes>0</minVolumes>
<normalForm>Third</normalForm>
<attributes itemClass="oracle.dbtools.crest.model.design.logical.Attribute">
<Attribute name="nombre" id="BFD2FCD2-F58A-7AF3-9474-2B95304F9812">
<createdBy>alexa</createdBy>
<createdTime>2023-02-26 15:00:26 UTC</createdTime>
<ownerDesignName>trabajo</ownerDesignName>
<engineerTo>
<item key="03EF0D5B-0B82-2CC0-2155-A2403BC5A217" value="true"/>
</engineerTo>
<useDomainConstraints>false</useDomainConstraints>
<use>1</use>
<logicalDatatype>LOGDT024</logicalDatatype>
<dataTypeSize>50 CHAR</dataTypeSize>
<ownDataTypeParameters>50 CHAR,,</ownDataTypeParameters>
</Attribute>
<Attribute name="fecha" id="A8E4EA9E-23AA-3EC7-32DB-94273B6D6AF6">
<createdBy>alexa</createdBy>
<createdTime>2023-02-26 15:00:52 UTC</createdTime>
<ownerDesignName>trabajo</ownerDesignName>
<engineerTo>
<item key="03EF0D5B-0B82-2CC0-2155-A2403BC5A217" value="true"/>
</engineerTo>
<nullsAllowed>true</nullsAllowed>
<useDomainConstraints>false</useDomainConstraints>
<use>1</use>
<logicalDatatype>LOGDT007</logicalDatatype>
<ownDataTypeParameters>,,</ownDataTypeParameters>
</Attribute>
<Attribute name="doi" id="0F0A6D5E-BF85-269C-5B77-1EE6A4A406F1">
<createdBy>alexa</createdBy>
<createdTime>2023-02-26 15:44:29 UTC</createdTime>
<generatorID>C21E0A35-B67A-4492-4830-292E3856256D</generatorID>
<ownerDesignName>trabajo</ownerDesignName>
<engineerTo>
<item key="03EF0D5B-0B82-2CC0-2155-A2403BC5A217" value="true"/>
</engineerTo>
<referedAttribute>2B33E8B3-77D3-8254-80CA-1F277709D2E7</referedAttribute>
<useDomainConstraints>false</useDomainConstraints>
<use>1</use>
<logicalDatatype>LOGDT024</logicalDatatype>
<dataTypeSize>50 CHAR</dataTypeSize>
<ownDataTypeParameters>50 CHAR,,</ownDataTypeParameters>
</Attribute>
</attributes>
<identifiers itemClass="oracle.dbtools.crest.model.design.logical.CandidateKey">
<identifier id="F00C4D68-7445-3D94-8BA9-B16CC8940114" name="CONGRESO PK">
<createdBy>alexa</createdBy>
<createdTime>2023-02-26 15:00:50 UTC</createdTime>
<ownerDesignName>trabajo</ownerDesignName>
<engineerTo>
<item key="03EF0D5B-0B82-2CC0-2155-A2403BC5A217" value="true"/>
</engineerTo>
<pk>true</pk>
<usedAttributes>
<attributeRef>BFD2FCD2-F58A-7AF3-9474-2B95304F9812</attributeRef>
</usedAttributes>
</identifier>
</identifiers>
</Entity>