<?xml version = '1.0' encoding = 'UTF-8'?>
<Entity class="oracle.dbtools.crest.model.design.logical.Entity" directorySegmentName="seg_0" id="F159A18A-C53B-9C0A-B578-FE6B12078FFC" name="ARTICULO">
<createdBy>alexa</createdBy>
<createdTime>2023-02-26 14:39:37 UTC</createdTime>
<ownerDesignName>trabajo</ownerDesignName>
<engineerTo>
<item key="7D4801BD-C6D6-AC74-B650-542F94487197" value="true"/>
</engineerTo>
<adequatelyNormalized>NO</adequatelyNormalized>
<expectedVolumes>0</expectedVolumes>
<fwdEngineeringStrategyName>Single Table</fwdEngineeringStrategyName>
<growthPercent>0</growthPercent>
<growthType>Year</growthType>
<maxVolumes>9999999</maxVolumes>
<minVolumes>0</minVolumes>
<normalForm>Third</normalForm>
<attributes itemClass="oracle.dbtools.crest.model.design.logical.Attribute">
<Attribute name="doi" id="2B33E8B3-77D3-8254-80CA-1F277709D2E7">
<createdBy>alexa</createdBy>
<createdTime>2023-02-26 14:39:49 UTC</createdTime>
<ownerDesignName>trabajo</ownerDesignName>
<engineerTo>
<item key="7D4801BD-C6D6-AC74-B650-542F94487197" value="true"/>
</engineerTo>
<useDomainConstraints>false</useDomainConstraints>
<use>1</use>
<logicalDatatype>LOGDT024</logicalDatatype>
<dataTypeSize>50 CHAR</dataTypeSize>
<ownDataTypeParameters>50 CHAR,,</ownDataTypeParameters>
</Attribute>
<Attribute name="titulo" id="3DCAAC4D-C87E-1503-E686-ED89C2A9D954">
<createdBy>alexa</createdBy>
<createdTime>2023-02-26 14:41:45 UTC</createdTime>
<ownerDesignName>trabajo</ownerDesignName>
<engineerTo>
<item key="7D4801BD-C6D6-AC74-B650-542F94487197" value="true"/>
</engineerTo>
<useDomainConstraints>false</useDomainConstraints>
<use>1</use>
<logicalDatatype>LOGDT024</logicalDatatype>
<dataTypeSize>50 CHAR</dataTypeSize>
<ownDataTypeParameters>50 CHAR,,</ownDataTypeParameters>
</Attribute>
<Attribute name="palabras_clave" id="499F9A39-F5B9-FA43-6365-7125C6EBFC94">
<createdBy>alexa</createdBy>
<createdTime>2023-02-26 14:41:52 UTC</createdTime>
<ownerDesignName>trabajo</ownerDesignName>
<engineerTo>
<item key="7D4801BD-C6D6-AC74-B650-542F94487197" value="true"/>
</engineerTo>
<nullsAllowed>true</nullsAllowed>
<useDomainConstraints>false</useDomainConstraints>
<use>1</use>
<logicalDatatype>LOGDT024</logicalDatatype>
<dataTypeSize>50 CHAR</dataTypeSize>
<ownDataTypeParameters>50 CHAR,,</ownDataTypeParameters>
</Attribute>
<Attribute name="resumen" id="6CFE05BA-B0F9-34BB-3321-9B5CC872234D">
<createdBy>alexa</createdBy>
<createdTime>2023-02-26 14:42:41 UTC</createdTime>
<ownerDesignName>trabajo</ownerDesignName>
<engineerTo>
<item key="7D4801BD-C6D6-AC74-B650-542F94487197" value="true"/>
</engineerTo>
<nullsAllowed>true</nullsAllowed>
<useDomainConstraints>false</useDomainConstraints>
<use>1</use>
<logicalDatatype>LOGDT024</logicalDatatype>
<dataTypeSize>200 CHAR</dataTypeSize>
<ownDataTypeParameters>200 CHAR,,</ownDataTypeParameters>
</Attribute>
</attributes>
<identifiers itemClass="oracle.dbtools.crest.model.design.logical.CandidateKey">
<identifier id="1D8AB245-3056-EFA1-E54B-779B180301B5" name="ARTICULO PK">
<createdBy>alexa</createdBy>
<createdTime>2023-02-26 14:40:14 UTC</createdTime>
<ownerDesignName>trabajo</ownerDesignName>
<engineerTo>
<item key="7D4801BD-C6D6-AC74-B650-542F94487197" value="true"/>
</engineerTo>
<pk>true</pk>
<usedAttributes>
<attributeRef>2B33E8B3-77D3-8254-80CA-1F277709D2E7</attributeRef>
</usedAttributes>
</identifier>
</identifiers>
</Entity>