<?xml version = '1.0' encoding = 'UTF-8'?>
<Diagram class="oracle.dbtools.crest.swingui.relational.DPVRelational" name="Relational_1" id="2B4AD41B-7A28-A882-7EF1-2A6DDBFE27E8">
<createdBy>majid</createdBy>
<modifiedBy>majid</modifiedBy>
<createdTime>2023-05-12 18:45:44 UTC</createdTime>
<autoRoute>false</autoRoute>
<boxInbox>true</boxInbox>
<showLegend>false</showLegend>
<showLabels>false</showLabels>
<showRelAttributes>false</showRelAttributes>
<gridEnabled>false</gridEnabled>
<showGrid>false</showGrid>
<diagramColor>-1</diagramColor>
<display>false</display>
<notation>1</notation>
<objectViews>
<OView class="oracle.dbtools.crest.swingui.relational.TVTable" oid="12AF0AC6-4118-19AD-7089-A7095ACA8E50" otype="Table" vid="956951D7-B571-D4FD-D7F0-4F3B0867145C">
<hideElementsInCurrentOnly>false</hideElementsInCurrentOnly>
<bounds x="307" y="564" width="170" height="111"/>
</OView>
<OView class="oracle.dbtools.crest.swingui.relational.TVTable" oid="12FDFC63-8994-F568-DF80-03FBF9C600F9" otype="Table" vid="1F55A1C0-1C27-8DF0-0810-53B33B5EE00B">
<hideElementsInCurrentOnly>false</hideElementsInCurrentOnly>
<bounds x="220" y="390" width="170" height="110"/>
</OView>
<OView class="oracle.dbtools.crest.swingui.relational.TVTable" oid="176DB891-9F66-EDEB-17A3-942A4CA00723" otype="Table" vid="6463A399-8C87-E1EC-C292-D521F17E2316">
<hideElementsInCurrentOnly>false</hideElementsInCurrentOnly>
<bounds x="602" y="117" width="156" height="57"/>
</OView>
<OView class="oracle.dbtools.crest.swingui.relational.TVTable" oid="27CE73F6-FEE2-BF38-A5A7-0029CDF60CE4" otype="Table" vid="B6413CAD-8F40-BAAD-ED9C-074EB2B3790E">
<hideElementsInCurrentOnly>false</hideElementsInCurrentOnly>
<bounds x="180" y="310" width="170" height="110"/>
</OView>
<OView class="oracle.dbtools.crest.swingui.relational.TVTable" oid="9D5DD82B-AC92-6848-43FA-3F74CD284C10" otype="Table" vid="812B165E-3398-D285-DBDC-0F2E9C1ABF51">
<hideElementsInCurrentOnly>false</hideElementsInCurrentOnly>
<bounds x="229" y="314" width="101" height="59"/>
</OView>
<OView class="oracle.dbtools.crest.swingui.relational.TVTable" oid="AAE723C4-4300-9EFE-EDCA-C3D8AC41695E" otype="Table" vid="0B47E8B9-4563-E442-D3E9-2F27418F551C">
<hideElementsInCurrentOnly>false</hideElementsInCurrentOnly>
<bounds x="605" y="214" width="121" height="57"/>
</OView>
<OView class="oracle.dbtools.crest.swingui.relational.TVTable" oid="B1A510A4-F27C-5205-0F7A-545D4C038535" otype="Table" vid="E2358BBE-E103-E70D-C387-47EBE5BB4536">
<hideElementsInCurrentOnly>false</hideElementsInCurrentOnly>
<bounds x="24" y="325" width="116" height="123"/>
</OView>
<OView class="oracle.dbtools.crest.swingui.relational.TVTable" oid="C788FF47-C8EC-38F8-38DB-41042C5735F5" otype="Table" vid="20464A83-DFEF-7292-E8C6-C373DF0065E1">
<hideElementsInCurrentOnly>false</hideElementsInCurrentOnly>
<bounds x="1110" y="153" width="170" height="110"/>
</OView>
<OView class="oracle.dbtools.crest.swingui.relational.TVTable" oid="D130FBF9-43A3-272B-FFCD-09E705CC7846" otype="Table" vid="0A345FF6-5C07-DB15-071C-98925C5001FA">
<hideElementsInCurrentOnly>false</hideElementsInCurrentOnly>
<bounds x="115" y="64" width="130" height="82"/>
</OView>
<OView class="oracle.dbtools.crest.swingui.relational.TVTable" oid="D54963F7-1073-DA00-554B-F6CE1C4F47CE" otype="Table" vid="40338DC3-3F4D-593D-E96D-8BF15284DC65">
<hideElementsInCurrentOnly>false</hideElementsInCurrentOnly>
<bounds x="583" y="26" width="301" height="371"/>
</OView>
<OView class="oracle.dbtools.crest.swingui.relational.TVTable" oid="EB13DDF6-8177-BAB3-4AAB-835FD00140FD" otype="Table" vid="62536AEF-5192-6A96-4BE1-C85222A8C2A8">
<hideElementsInCurrentOnly>false</hideElementsInCurrentOnly>
<bounds x="601" y="310" width="134" height="69"/>
</OView>
</objectViews>
<connectors>
<Connector class="oracle.dbtools.crest.swingui.relational.TVFKRelation" oid="3B59D5B6-F270-EC31-F27F-228D180E6CD7" otype="FKIndexAssociation" vid_source="62536AEF-5192-6A96-4BE1-C85222A8C2A8" vid_target="1F55A1C0-1C27-8DF0-0810-53B33B5EE00B">
<hideElementsInCurrentOnly>false</hideElementsInCurrentOnly>
<backgroundColor>-16777216</backgroundColor>
<lineWidth>1</lineWidth>
<points>
<point x="601" y="363"/>
<point x="390" y="421"/>
</points>
</Connector>
<Connector class="oracle.dbtools.crest.swingui.relational.TVFKRelation" oid="3DC614E8-4481-54CF-C2D7-2186D272E6F8" otype="FKIndexAssociation" vid_source="0A345FF6-5C07-DB15-071C-98925C5001FA" vid_target="812B165E-3398-D285-DBDC-0F2E9C1ABF51">
<hideElementsInCurrentOnly>false</hideElementsInCurrentOnly>
<backgroundColor>-16777216</backgroundColor>
<lineWidth>1</lineWidth>
<points>
<point x="237" y="146"/>
<point x="237" y="314"/>
</points>
</Connector>
<Connector class="oracle.dbtools.crest.swingui.relational.TVFKRelation" oid="4EA9F0DF-9BC0-4FD6-EADD-C793A3AB60BB" otype="FKIndexAssociation" vid_source="20464A83-DFEF-7292-E8C6-C373DF0065E1" vid_target="6463A399-8C87-E1EC-C292-D521F17E2316">
<hideElementsInCurrentOnly>false</hideElementsInCurrentOnly>
<backgroundColor>-16777216</backgroundColor>
<lineWidth>1</lineWidth>
<points>
<point x="1110" y="163"/>
<point x="758" y="163"/>
</points>
</Connector>
<Connector class="oracle.dbtools.crest.swingui.relational.TVFKRelation" oid="5DC8DC52-3258-3535-544B-B83FB1669DD1" otype="FKIndexAssociation" vid_source="0A345FF6-5C07-DB15-071C-98925C5001FA" vid_target="0B47E8B9-4563-E442-D3E9-2F27418F551C">
<hideElementsInCurrentOnly>false</hideElementsInCurrentOnly>
<backgroundColor>-16777216</backgroundColor>
<lineWidth>1</lineWidth>
<points>
<point x="245" y="97"/>
<point x="605" y="239"/>
</points>
</Connector>
<Connector class="oracle.dbtools.crest.swingui.relational.TVFKRelation" oid="85547BCB-2E9B-D5B7-AFFD-9489DE6053FB" otype="FKIndexAssociation" vid_source="0A345FF6-5C07-DB15-071C-98925C5001FA" vid_target="B6413CAD-8F40-BAAD-ED9C-074EB2B3790E">
<hideElementsInCurrentOnly>false</hideElementsInCurrentOnly>
<backgroundColor>-16777216</backgroundColor>
<lineWidth>1</lineWidth>
<points>
<point x="212" y="146"/>
<point x="212" y="310"/>
</points>
</Connector>
<Connector class="oracle.dbtools.crest.swingui.relational.TVFKRelation" oid="A60F878C-C4EF-C43C-1D4D-852BFC7AA174" otype="FKIndexAssociation" vid_source="40338DC3-3F4D-593D-E96D-8BF15284DC65" vid_target="6463A399-8C87-E1EC-C292-D521F17E2316">
<hideElementsInCurrentOnly>false</hideElementsInCurrentOnly>
<backgroundColor>-16777216</backgroundColor>
<lineWidth>1</lineWidth>
<points>
<point x="884" y="145"/>
<point x="602" y="145"/>
</points>
</Connector>
<Connector class="oracle.dbtools.crest.swingui.relational.TVFKRelation" oid="D1B95146-D8BE-EF03-B985-EA348C3AC898" otype="FKIndexAssociation" vid_source="6463A399-8C87-E1EC-C292-D521F17E2316" vid_target="B6413CAD-8F40-BAAD-ED9C-074EB2B3790E">
<hideElementsInCurrentOnly>false</hideElementsInCurrentOnly>
<backgroundColor>-16777216</backgroundColor>
<lineWidth>1</lineWidth>
<points>
<point x="626" y="174"/>
<point x="350" y="320"/>
</points>
</Connector>
<Connector class="oracle.dbtools.crest.swingui.relational.TVFKRelation" oid="E4AD12D5-217D-7656-984E-885B459F1B24" otype="FKIndexAssociation" vid_source="40338DC3-3F4D-593D-E96D-8BF15284DC65" vid_target="0B47E8B9-4563-E442-D3E9-2F27418F551C">
<hideElementsInCurrentOnly>false</hideElementsInCurrentOnly>
<backgroundColor>-16777216</backgroundColor>
<lineWidth>1</lineWidth>
<points>
<point x="884" y="242"/>
<point x="605" y="242"/>
</points>
</Connector>
<Connector class="oracle.dbtools.crest.swingui.relational.TVFKRelation" oid="E5099113-9D4A-1AEF-C9F8-A0E5B7DFB8B6" otype="FKIndexAssociation" vid_source="0A345FF6-5C07-DB15-071C-98925C5001FA" vid_target="E2358BBE-E103-E70D-C387-47EBE5BB4536">
<hideElementsInCurrentOnly>false</hideElementsInCurrentOnly>
<backgroundColor>-16777216</backgroundColor>
<lineWidth>1</lineWidth>
<points>
<point x="127" y="146"/>
<point x="127" y="325"/>
</points>
</Connector>
<Connector class="oracle.dbtools.crest.swingui.relational.TVFKRelation" oid="EF64A27B-0EE5-704A-0BC9-A31856B92CA3" otype="FKIndexAssociation" vid_source="40338DC3-3F4D-593D-E96D-8BF15284DC65" vid_target="62536AEF-5192-6A96-4BE1-C85222A8C2A8">
<hideElementsInCurrentOnly>false</hideElementsInCurrentOnly>
<backgroundColor>-16777216</backgroundColor>
<lineWidth>1</lineWidth>
<points>
<point x="884" y="344"/>
<point x="601" y="344"/>
</points>
</Connector>
<Connector class="oracle.dbtools.crest.swingui.relational.TVFKRelation" oid="F1B8762D-0311-81BF-84F2-2EB5FD1EB7F9" otype="FKIndexAssociation" vid_source="0A345FF6-5C07-DB15-071C-98925C5001FA" vid_target="1F55A1C0-1C27-8DF0-0810-53B33B5EE00B">
<hideElementsInCurrentOnly>false</hideElementsInCurrentOnly>
<backgroundColor>-16777216</backgroundColor>
<lineWidth>1</lineWidth>
<points>
<point x="232" y="146"/>
<point x="232" y="390"/>
</points>
</Connector>
<Connector class="oracle.dbtools.crest.swingui.relational.TVFKRelation" oid="F9F597A6-B59D-8FD0-2174-4CF5121CDC25" otype="FKIndexAssociation" vid_source="812B165E-3398-D285-DBDC-0F2E9C1ABF51" vid_target="956951D7-B571-D4FD-D7F0-4F3B0867145C">
<hideElementsInCurrentOnly>false</hideElementsInCurrentOnly>
<backgroundColor>-16777216</backgroundColor>
<lineWidth>1</lineWidth>
<points>
<point x="318" y="373"/>
<point x="318" y="564"/>
</points>
</Connector>
</connectors>
<arcs>
<Arc class="oracle.dbtools.crest.swingui.relational.TVFKArc" oid="E2676271-7B13-9BCD-764D-04141AECD931" otype="FKArc" vid="AD3A4665-51C1-1226-41FF-3CDBE20F693E">
<hideElementsInCurrentOnly>false</hideElementsInCurrentOnly>
<bounds x="563" y="6" width="341" height="411"/>
</Arc>
</arcs>
</Diagram>