<?xml version = '1.0' encoding = 'UTF-8'?>
<Relation class="oracle.dbtools.crest.model.design.logical.InheritanceRelation" name="Hierarchy_6" directorySegmentName="seg_0" id="DD4B8542-B2CB-3360-6661-9C53642E3355">
<createdBy>alexa</createdBy>
<createdTime>2023-02-26 16:14:00 UTC</createdTime>
<ownerDesignName>trabajo</ownerDesignName>
<engineerTo>
<item key="7D4801BD-C6D6-AC74-B650-542F94487197" value="true"/>
</engineerTo>
<identifying>false</identifying>
<nameOnSource>Super Type</nameOnSource>
<nameOnTarget>Sub Type</nameOnTarget>
<optionalSource>true</optionalSource>
<optionalTarget>true</optionalTarget>
<sourceEntity>7AADC981-C8BE-A897-0A68-7816F7797B19</sourceEntity>
<targetEntity>5E85D7AD-E893-0737-B6DB-70F0E9D35B0D</targetEntity>
<transferable>true</transferable>
<deleteRule>NO ACTION</deleteRule>
</Relation>