<?xml version = '1.0' encoding = 'UTF-8'?>
<Relation class="oracle.dbtools.crest.model.design.logical.InheritanceRelation" name="Hierarchy_5" directorySegmentName="seg_0" id="FCC138F0-F581-9329-D778-5FA3D3987DB5">
<createdBy>alexa</createdBy>
<createdTime>2023-02-26 16:12:38 UTC</createdTime>
<ownerDesignName>trabajo</ownerDesignName>
<engineerTo>
<item key="7D4801BD-C6D6-AC74-B650-542F94487197" value="true"/>
</engineerTo>
<identifying>false</identifying>
<nameOnSource>Super Type</nameOnSource>
<nameOnTarget>Sub Type</nameOnTarget>
<optionalSource>true</optionalSource>
<optionalTarget>true</optionalTarget>
<sourceEntity>7AADC981-C8BE-A897-0A68-7816F7797B19</sourceEntity>
<targetEntity>66071D00-F6B0-B76B-597C-CA0C13827F44</targetEntity>
<transferable>true</transferable>
<deleteRule>NO ACTION</deleteRule>
</Relation>