<?xml version = '1.0' encoding = 'UTF-8'?>
<FKIndexAssociation class="oracle.dbtools.crest.model.design.relational.FKIndexAssociation" directorySegmentName="seg_0" id="3B59D5B6-F270-EC31-F27F-228D180E6CD7" containerWithKeyObject="12FDFC63-8994-F568-DF80-03FBF9C600F9" localFKIndex="5AB12245-8025-4D63-BC78-C8539E0302E2" name="Relation_13_AUTOR_FK">
<createdBy>majid</createdBy>
<createdTime>2023-05-12 18:45:44 UTC</createdTime>
<generatorID>A3BE34CB-20D7-DAD8-B180-4DB0C41F5FC4</generatorID>
<ownerDesignName>trabajo</ownerDesignName>
<referredTableLongName>AUTOR</referredTableLongName>
<deleteRule>NO ACTION</deleteRule>
<referredTableID>EB13DDF6-8177-BAB3-4AAB-835FD00140FD</referredTableID>
<keyObject>B56F3E15-4D92-205C-3D8C-0F15D75B716C</keyObject>
<referredKeyID>B56F3E15-4D92-205C-3D8C-0F15D75B716C</referredKeyID>
<mandatory>true</mandatory>
<refColNames>dni</refColNames>
<transferable>true</transferable>
<rely>false</rely>
<columnDependencyConstraintGenerateInDDL>true</columnDependencyConstraintGenerateInDDL>
</FKIndexAssociation>