<?xml version = '1.0' encoding = 'UTF-8'?>
<FKIndexAssociation class="oracle.dbtools.crest.model.design.relational.FKIndexAssociation" directorySegmentName="seg_0" id="3DC614E8-4481-54CF-C2D7-2186D272E6F8" containerWithKeyObject="9D5DD82B-AC92-6848-43FA-3F74CD284C10" localFKIndex="D7E1C3F4-AC22-0E75-6870-B68D2CECFB86" name="CONGRESO_ARTICULO_FK">
<createdBy>majid</createdBy>
<createdTime>2023-05-12 18:45:44 UTC</createdTime>
<generatorID>C21E0A35-B67A-4492-4830-292E3856256D</generatorID>
<ownerDesignName>trabajo</ownerDesignName>
<referredTableLongName>ARTICULO</referredTableLongName>
<deleteRule>NO ACTION</deleteRule>
<referredTableID>D130FBF9-43A3-272B-FFCD-09E705CC7846</referredTableID>
<keyObject>7AAB93CB-176C-408E-F27F-5EA3EB3F61ED</keyObject>
<referredKeyID>7AAB93CB-176C-408E-F27F-5EA3EB3F61ED</referredKeyID>
<mandatory>true</mandatory>
<refColNames>doi</refColNames>
<transferable>true</transferable>
<rely>false</rely>
<columnDependencyConstraintGenerateInDDL>true</columnDependencyConstraintGenerateInDDL>
</FKIndexAssociation>