<?xml version = '1.0' encoding = 'UTF-8'?>
<FKIndexAssociation class="oracle.dbtools.crest.model.design.relational.FKIndexAssociation" directorySegmentName="seg_0" id="4EA9F0DF-9BC0-4FD6-EADD-C793A3AB60BB" containerWithKeyObject="176DB891-9F66-EDEB-17A3-942A4CA00723" localFKIndex="3DB493EA-5DAE-ED1A-29D8-70B7E3C9C8B1" name="REVISOR_REVISION_FK">
<createdBy>majid</createdBy>
<createdTime>2023-05-12 18:45:44 UTC</createdTime>
<generatorID>21BC6CBB-7175-175E-8C8F-A46055932815</generatorID>
<ownerDesignName>trabajo</ownerDesignName>
<referredTableLongName>REVISION</referredTableLongName>
<deleteRule>NO ACTION</deleteRule>
<referredTableID>C788FF47-C8EC-38F8-38DB-41042C5735F5</referredTableID>
<keyObject>0F9EA7AA-5F34-8921-0DF7-353C8D70F5A0</keyObject>
<referredKeyID>0F9EA7AA-5F34-8921-0DF7-353C8D70F5A0</referredKeyID>
<mandatory>true</mandatory>
<refColNames>fecha_envio2</refColNames>
<transferable>true</transferable>
<rely>false</rely>
<columnDependencyConstraintGenerateInDDL>true</columnDependencyConstraintGenerateInDDL>
</FKIndexAssociation>