<?xml version = '1.0' encoding = 'UTF-8'?>
<FKIndexAssociation class="oracle.dbtools.crest.model.design.relational.FKIndexAssociation" directorySegmentName="seg_0" id="5DC8DC52-3258-3535-544B-B83FB1669DD1" containerWithKeyObject="AAE723C4-4300-9EFE-EDCA-C3D8AC41695E" localFKIndex="19729F56-C0DB-682A-3FAC-878C7EDD3118" name="EDITOR_ARTICULO_FK">
<createdBy>majid</createdBy>
<createdTime>2023-05-12 18:45:44 UTC</createdTime>
<generatorID>2E3D267E-1FCC-7BC1-C1F5-EC4EC655A768</generatorID>
<ownerDesignName>trabajo</ownerDesignName>
<referredTableLongName>ARTICULO</referredTableLongName>
<deleteRule>NO ACTION</deleteRule>
<referredTableID>D130FBF9-43A3-272B-FFCD-09E705CC7846</referredTableID>
<keyObject>7AAB93CB-176C-408E-F27F-5EA3EB3F61ED</keyObject>
<referredKeyID>7AAB93CB-176C-408E-F27F-5EA3EB3F61ED</referredKeyID>
<mandatory>true</mandatory>
<refColNames>doi</refColNames>
<transferable>true</transferable>
<rely>false</rely>
<columnDependencyConstraintGenerateInDDL>true</columnDependencyConstraintGenerateInDDL>
</FKIndexAssociation>