<?xml version = '1.0' encoding = 'UTF-8'?>
<FKIndexAssociation class="oracle.dbtools.crest.model.design.relational.FKIndexAssociation" directorySegmentName="seg_0" id="85547BCB-2E9B-D5B7-AFFD-9489DE6053FB" containerWithKeyObject="27CE73F6-FEE2-BF38-A5A7-0029CDF60CE4" localFKIndex="67C6DBE0-25B1-5469-34F4-AB34A65F3C4F" name="Relation_10_ARTICULO_FK">
<createdBy>majid</createdBy>
<createdTime>2023-05-12 18:45:44 UTC</createdTime>
<generatorID>D6BDE603-A7E6-5659-4DE3-7DD08E9310A2</generatorID>
<ownerDesignName>trabajo</ownerDesignName>
<referredTableLongName>ARTICULO</referredTableLongName>
<deleteRule>NO ACTION</deleteRule>
<referredTableID>D130FBF9-43A3-272B-FFCD-09E705CC7846</referredTableID>
<keyObject>7AAB93CB-176C-408E-F27F-5EA3EB3F61ED</keyObject>
<referredKeyID>7AAB93CB-176C-408E-F27F-5EA3EB3F61ED</referredKeyID>
<mandatory>true</mandatory>
<refColNames>doi</refColNames>
<transferable>true</transferable>
<rely>false</rely>
<columnDependencyConstraintGenerateInDDL>true</columnDependencyConstraintGenerateInDDL>
</FKIndexAssociation>