<?xml version = '1.0' encoding = 'UTF-8'?>
<FKIndexAssociation class="oracle.dbtools.crest.model.design.relational.FKIndexAssociation" directorySegmentName="seg_0" id="A60F878C-C4EF-C43C-1D4D-852BFC7AA174" containerWithKeyObject="176DB891-9F66-EDEB-17A3-942A4CA00723" localFKIndex="87A66AF2-937E-E986-2182-313D93DDD6E0" name="REVISOR_PERSONA_FK">
<createdBy>majid</createdBy>
<createdTime>2023-05-12 18:45:44 UTC</createdTime>
<generatorID>8560DEF1-2F68-0C50-B5E3-6FE5E7221B52</generatorID>
<ownerDesignName>trabajo</ownerDesignName>
<referredTableLongName>PERSONA</referredTableLongName>
<arc>E2676271-7B13-9BCD-764D-04141AECD931</arc>
<deleteRule>NO ACTION</deleteRule>
<referredTableID>D54963F7-1073-DA00-554B-F6CE1C4F47CE</referredTableID>
<keyObject>13E0377D-84C9-F113-115F-BFFABA38EDC4</keyObject>
<referredKeyID>13E0377D-84C9-F113-115F-BFFABA38EDC4</referredKeyID>
<mandatory>true</mandatory>
<refColNames>dni</refColNames>
<transferable>true</transferable>
<rely>false</rely>
<discriminatorValue>REVISOR</discriminatorValue>
<columnDependencyConstraintGenerateInDDL>true</columnDependencyConstraintGenerateInDDL>
</FKIndexAssociation>