<?xml version = '1.0' encoding = 'UTF-8'?>
<FKIndexAssociation class="oracle.dbtools.crest.model.design.relational.FKIndexAssociation" directorySegmentName="seg_0" id="D1B95146-D8BE-EF03-B985-EA348C3AC898" containerWithKeyObject="27CE73F6-FEE2-BF38-A5A7-0029CDF60CE4" localFKIndex="8EA93E11-119F-C919-7FB8-BB4B62D6E729" name="Relation_10_REVISOR_FK">
<createdBy>majid</createdBy>
<createdTime>2023-05-12 18:45:44 UTC</createdTime>
<generatorID>D6BDE603-A7E6-5659-4DE3-7DD08E9310A2</generatorID>
<ownerDesignName>trabajo</ownerDesignName>
<referredTableLongName>REVISOR</referredTableLongName>
<deleteRule>NO ACTION</deleteRule>
<referredTableID>176DB891-9F66-EDEB-17A3-942A4CA00723</referredTableID>
<keyObject>FB8FB80D-1259-D20C-DA33-B3DAD4A6A789</keyObject>
<referredKeyID>FB8FB80D-1259-D20C-DA33-B3DAD4A6A789</referredKeyID>
<mandatory>true</mandatory>
<refColNames>dni</refColNames>
<transferable>true</transferable>
<rely>false</rely>
<columnDependencyConstraintGenerateInDDL>true</columnDependencyConstraintGenerateInDDL>
</FKIndexAssociation>