<?xml version = '1.0' encoding = 'UTF-8'?>
<FKIndexAssociation class="oracle.dbtools.crest.model.design.relational.FKIndexAssociation" directorySegmentName="seg_0" id="E4AD12D5-217D-7656-984E-885B459F1B24" containerWithKeyObject="AAE723C4-4300-9EFE-EDCA-C3D8AC41695E" localFKIndex="A0E422C9-FBB2-4C89-5B6F-7BCA144F6599" name="EDITOR_PERSONA_FK">
<createdBy>majid</createdBy>
<createdTime>2023-05-12 18:45:44 UTC</createdTime>
<generatorID>FCC138F0-F581-9329-D778-5FA3D3987DB5</generatorID>
<ownerDesignName>trabajo</ownerDesignName>
<referredTableLongName>PERSONA</referredTableLongName>
<arc>E2676271-7B13-9BCD-764D-04141AECD931</arc>
<deleteRule>NO ACTION</deleteRule>
<referredTableID>D54963F7-1073-DA00-554B-F6CE1C4F47CE</referredTableID>
<keyObject>13E0377D-84C9-F113-115F-BFFABA38EDC4</keyObject>
<referredKeyID>13E0377D-84C9-F113-115F-BFFABA38EDC4</referredKeyID>
<mandatory>true</mandatory>
<refColNames>dni</refColNames>
<transferable>true</transferable>
<rely>false</rely>
<discriminatorValue>EDITOR</discriminatorValue>
<columnDependencyConstraintGenerateInDDL>true</columnDependencyConstraintGenerateInDDL>
</FKIndexAssociation>