<?xml version = '1.0' encoding = 'UTF-8'?>
<FKIndexAssociation class="oracle.dbtools.crest.model.design.relational.FKIndexAssociation" directorySegmentName="seg_0" id="E5099113-9D4A-1AEF-C9F8-A0E5B7DFB8B6" containerWithKeyObject="B1A510A4-F27C-5205-0F7A-545D4C038535" localFKIndex="CE50ECC0-7C06-C9E5-7B81-F4818091B317" name="REVISTA_ARTICULO_FK">
<createdBy>majid</createdBy>
<createdTime>2023-05-12 18:45:44 UTC</createdTime>
<generatorID>3AE9BA7C-C1BE-3DF3-65AA-30A4C69D5DAA</generatorID>
<ownerDesignName>trabajo</ownerDesignName>
<referredTableLongName>ARTICULO</referredTableLongName>
<deleteRule>NO ACTION</deleteRule>
<referredTableID>D130FBF9-43A3-272B-FFCD-09E705CC7846</referredTableID>
<keyObject>7AAB93CB-176C-408E-F27F-5EA3EB3F61ED</keyObject>
<referredKeyID>7AAB93CB-176C-408E-F27F-5EA3EB3F61ED</referredKeyID>
<mandatory>true</mandatory>
<refColNames>doi</refColNames>
<transferable>true</transferable>
<rely>false</rely>
<columnDependencyConstraintGenerateInDDL>true</columnDependencyConstraintGenerateInDDL>
</FKIndexAssociation>