<?xml version = '1.0' encoding = 'UTF-8'?>
<FKIndexAssociation class="oracle.dbtools.crest.model.design.relational.FKIndexAssociation" directorySegmentName="seg_0" id="EF64A27B-0EE5-704A-0BC9-A31856B92CA3" containerWithKeyObject="EB13DDF6-8177-BAB3-4AAB-835FD00140FD" localFKIndex="79EDCB30-119E-9108-CB45-7CCB6FC7F4E4" name="AUTOR_PERSONA_FK">
<createdBy>majid</createdBy>
<createdTime>2023-05-12 18:45:44 UTC</createdTime>
<generatorID>DD4B8542-B2CB-3360-6661-9C53642E3355</generatorID>
<ownerDesignName>trabajo</ownerDesignName>
<referredTableLongName>PERSONA</referredTableLongName>
<arc>E2676271-7B13-9BCD-764D-04141AECD931</arc>
<deleteRule>NO ACTION</deleteRule>
<referredTableID>D54963F7-1073-DA00-554B-F6CE1C4F47CE</referredTableID>
<keyObject>13E0377D-84C9-F113-115F-BFFABA38EDC4</keyObject>
<referredKeyID>13E0377D-84C9-F113-115F-BFFABA38EDC4</referredKeyID>
<mandatory>true</mandatory>
<refColNames>dni</refColNames>
<transferable>true</transferable>
<rely>false</rely>
<discriminatorValue>AUTOR</discriminatorValue>
<columnDependencyConstraintGenerateInDDL>true</columnDependencyConstraintGenerateInDDL>
</FKIndexAssociation>