<?xml version = '1.0' encoding = 'UTF-8'?>
<FKIndexAssociation class="oracle.dbtools.crest.model.design.relational.FKIndexAssociation" directorySegmentName="seg_0" id="F1B8762D-0311-81BF-84F2-2EB5FD1EB7F9" containerWithKeyObject="12FDFC63-8994-F568-DF80-03FBF9C600F9" localFKIndex="525358FE-44ED-982A-B731-87E8239278A2" name="Relation_13_ARTICULO_FK">
<createdBy>majid</createdBy>
<createdTime>2023-05-12 18:45:44 UTC</createdTime>
<generatorID>A3BE34CB-20D7-DAD8-B180-4DB0C41F5FC4</generatorID>
<ownerDesignName>trabajo</ownerDesignName>
<referredTableLongName>ARTICULO</referredTableLongName>
<deleteRule>NO ACTION</deleteRule>
<referredTableID>D130FBF9-43A3-272B-FFCD-09E705CC7846</referredTableID>
<keyObject>7AAB93CB-176C-408E-F27F-5EA3EB3F61ED</keyObject>
<referredKeyID>7AAB93CB-176C-408E-F27F-5EA3EB3F61ED</referredKeyID>
<mandatory>true</mandatory>
<refColNames>doi</refColNames>
<transferable>true</transferable>
<rely>false</rely>
<columnDependencyConstraintGenerateInDDL>true</columnDependencyConstraintGenerateInDDL>
</FKIndexAssociation>