<?xml version = '1.0' encoding = 'UTF-8'?>
<FKIndexAssociation class="oracle.dbtools.crest.model.design.relational.FKIndexAssociation" directorySegmentName="seg_0" id="F9F597A6-B59D-8FD0-2174-4CF5121CDC25" containerWithKeyObject="12AF0AC6-4118-19AD-7089-A7095ACA8E50" localFKIndex="C1550776-37CB-97B3-D348-1C35BB9275F8" name="SALA_CONGRESO_FK">
<createdBy>majid</createdBy>
<createdTime>2023-05-12 18:45:44 UTC</createdTime>
<generatorID>F43CE3F8-0971-DDA4-F80F-FBD429B2C307</generatorID>
<ownerDesignName>trabajo</ownerDesignName>
<referredTableLongName>CONGRESO</referredTableLongName>
<deleteRule>NO ACTION</deleteRule>
<referredTableID>9D5DD82B-AC92-6848-43FA-3F74CD284C10</referredTableID>
<keyObject>40271897-6A79-F020-3E62-8E1D098C0F68</keyObject>
<referredKeyID>40271897-6A79-F020-3E62-8E1D098C0F68</referredKeyID>
<mandatory>true</mandatory>
<refColNames>nombre</refColNames>
<transferable>true</transferable>
<rely>false</rely>
<columnDependencyConstraintGenerateInDDL>true</columnDependencyConstraintGenerateInDDL>
</FKIndexAssociation>