<?xml version = '1.0' encoding = 'UTF-8'?>
<Diagram class="oracle.dbtools.crest.swingui.logical.DPVLogical" name="Logical" id="1D85C8E1-4C76-7ACA-32EB-69E1DB80DBFC">
<createdBy>alexa</createdBy>
<modifiedBy>alexa</modifiedBy>
<createdTime>2023-02-26 14:32:34 UTC</createdTime>
<autoRoute>false</autoRoute>
<boxInbox>true</boxInbox>
<showLegend>false</showLegend>
<showLabels>true</showLabels>
<showRelAttributes>false</showRelAttributes>
<gridEnabled>false</gridEnabled>
<showGrid>false</showGrid>
<diagramColor>-1</diagramColor>
<display>false</display>
<notation>1</notation>
<objectViews>
<OView class="oracle.dbtools.crest.swingui.logical.TVEntity" oid="1E3F621F-AF8A-B51A-90DA-BC373ED6FB61" otype="Entity" vid="A9A671EF-C456-8CF3-9077-728A7BBEC3DC">
<hideElementsInCurrentOnly>false</hideElementsInCurrentOnly>
<bounds x="602" y="117" width="156" height="57"/>
</OView>
<OView class="oracle.dbtools.crest.swingui.logical.TVEntity" oid="54732A73-C457-2389-9312-B665758C8DF6" otype="Entity" vid="8F5179D4-8E07-E531-86A9-A249720119BC">
<hideElementsInCurrentOnly>false</hideElementsInCurrentOnly>
<bounds x="307" y="564" width="170" height="111"/>
</OView>
<OView class="oracle.dbtools.crest.swingui.logical.TVEntity" oid="5E85D7AD-E893-0737-B6DB-70F0E9D35B0D" otype="Entity" vid="2B1A70F0-814D-275E-DA73-42BE31292221">
<hideElementsInCurrentOnly>false</hideElementsInCurrentOnly>
<bounds x="601" y="310" width="134" height="69"/>
</OView>
<OView class="oracle.dbtools.crest.swingui.logical.TVEntity" oid="5EDE7C81-D8A6-5A1E-40A7-1D805CB74CE6" otype="Entity" vid="3019CC60-BC37-59BF-F344-823484EFB534">
<hideElementsInCurrentOnly>false</hideElementsInCurrentOnly>
<bounds x="24" y="325" width="116" height="123"/>
</OView>
<OView class="oracle.dbtools.crest.swingui.logical.TVEntity" oid="66071D00-F6B0-B76B-597C-CA0C13827F44" otype="Entity" vid="2FE68219-08BD-C0FC-70D7-087030B30208">
<hideElementsInCurrentOnly>false</hideElementsInCurrentOnly>
<bounds x="605" y="214" width="121" height="57"/>
</OView>
<OView class="oracle.dbtools.crest.swingui.logical.TVEntity" oid="76BA529D-210D-AE67-8062-FBAB4074C63E" otype="Entity" vid="153CCEEB-8236-8A11-475E-9B47D0B54690">
<hideElementsInCurrentOnly>false</hideElementsInCurrentOnly>
<bounds x="1110" y="153" width="170" height="110"/>
</OView>
<OView class="oracle.dbtools.crest.swingui.logical.TVEntity" oid="7AADC981-C8BE-A897-0A68-7816F7797B19" otype="Entity" vid="16B57AE3-B1EF-D37B-818F-614DC6F4B995">
<hideElementsInCurrentOnly>false</hideElementsInCurrentOnly>
<bounds x="583" y="26" width="301" height="371"/>
</OView>
<OView class="oracle.dbtools.crest.swingui.logical.TVEntity" oid="E7D57458-9878-7B37-C395-6655CEDA0805" otype="Entity" vid="9F521A2F-3118-08D1-BCCC-0D80A5A29D1D">
<hideElementsInCurrentOnly>false</hideElementsInCurrentOnly>
<bounds x="229" y="314" width="101" height="59"/>
</OView>
<OView class="oracle.dbtools.crest.swingui.logical.TVEntity" oid="F159A18A-C53B-9C0A-B578-FE6B12078FFC" otype="Entity" vid="F2162254-DDB8-FB0C-79D6-BA36D3B5BA78">
<hideElementsInCurrentOnly>false</hideElementsInCurrentOnly>
<bounds x="115" y="64" width="130" height="82"/>
</OView>
</objectViews>
<connectors>
<Connector class="oracle.dbtools.crest.swingui.logical.TVRelation" oid="21BC6CBB-7175-175E-8C8F-A46055932815" otype="Relation" vid_source="153CCEEB-8236-8A11-475E-9B47D0B54690" vid_target="A9A671EF-C456-8CF3-9077-728A7BBEC3DC">
<hideElementsInCurrentOnly>false</hideElementsInCurrentOnly>
<backgroundColor>-16777216</backgroundColor>
<lineWidth>1</lineWidth>
<sourceLabel class="oracle.dbtools.crest.model.design.Label">
<site>0</site>
<labelBounds x="1065" y="133" width="39" height="30"/>
<noBackgroundColor>true</noBackgroundColor>
<noForegroundColor>true</noForegroundColor>
</sourceLabel>
<targetLabel class="oracle.dbtools.crest.model.design.Label">
<site>2</site>
<labelBounds x="768" y="166" width="30" height="30"/>
<noBackgroundColor>true</noBackgroundColor>
<noForegroundColor>true</noForegroundColor>
</targetLabel>
<points>
<point x="1110" y="163"/>
<point x="758" y="163"/>
</points>
</Connector>
<Connector class="oracle.dbtools.crest.swingui.logical.TVRelation" oid="2E3D267E-1FCC-7BC1-C1F5-EC4EC655A768" otype="Relation" vid_source="F2162254-DDB8-FB0C-79D6-BA36D3B5BA78" vid_target="2FE68219-08BD-C0FC-70D7-087030B30208">
<hideElementsInCurrentOnly>false</hideElementsInCurrentOnly>
<backgroundColor>-16777216</backgroundColor>
<lineWidth>1</lineWidth>
<sourceLabel class="oracle.dbtools.crest.model.design.Label">
<site>0</site>
<labelBounds x="255" y="97" width="69" height="30"/>
<noBackgroundColor>true</noBackgroundColor>
<noForegroundColor>true</noForegroundColor>
</sourceLabel>
<targetLabel class="oracle.dbtools.crest.model.design.Label">
<site>2</site>
<labelBounds x="557" y="239" width="42" height="30"/>
<noBackgroundColor>true</noBackgroundColor>
<noForegroundColor>true</noForegroundColor>
</targetLabel>
<points>
<point x="245" y="97"/>
<point x="605" y="239"/>
</points>
</Connector>
<Connector class="oracle.dbtools.crest.swingui.logical.TVRelation" oid="3AE9BA7C-C1BE-3DF3-65AA-30A4C69D5DAA" otype="Relation" vid_source="F2162254-DDB8-FB0C-79D6-BA36D3B5BA78" vid_target="3019CC60-BC37-59BF-F344-823484EFB534">
<hideElementsInCurrentOnly>false</hideElementsInCurrentOnly>
<backgroundColor>-16777216</backgroundColor>
<lineWidth>1</lineWidth>
<sourceLabel class="oracle.dbtools.crest.model.design.Label">
<site>0</site>
<labelBounds x="127" y="190" width="79" height="30"/>
<noBackgroundColor>true</noBackgroundColor>
<noForegroundColor>true</noForegroundColor>
</sourceLabel>
<targetLabel class="oracle.dbtools.crest.model.design.Label">
<site>2</site>
<labelBounds x="127" y="289" width="54" height="30"/>
<noBackgroundColor>true</noBackgroundColor>
<noForegroundColor>true</noForegroundColor>
</targetLabel>
<points>
<point x="127" y="146"/>
<point x="127" y="325"/>
</points>
</Connector>
<Connector class="oracle.dbtools.crest.swingui.logical.TVInheritanceRelation" oid="8560DEF1-2F68-0C50-B5E3-6FE5E7221B52" otype="Hierarchy relation" vid_source="16B57AE3-B1EF-D37B-818F-614DC6F4B995" vid_target="A9A671EF-C456-8CF3-9077-728A7BBEC3DC">
<hideElementsInCurrentOnly>false</hideElementsInCurrentOnly>
<backgroundColor>-65536</backgroundColor>
<lineWidth>1</lineWidth>
</Connector>
<Connector class="oracle.dbtools.crest.swingui.logical.TVRelation" oid="A3BE34CB-20D7-DAD8-B180-4DB0C41F5FC4" otype="Relation" vid_source="F2162254-DDB8-FB0C-79D6-BA36D3B5BA78" vid_target="2B1A70F0-814D-275E-DA73-42BE31292221">
<hideElementsInCurrentOnly>false</hideElementsInCurrentOnly>
<backgroundColor>-16777216</backgroundColor>
<lineWidth>1</lineWidth>
<sourceLabel class="oracle.dbtools.crest.model.design.Label">
<site>0</site>
<labelBounds x="255" y="136" width="64" height="30"/>
<noBackgroundColor>true</noBackgroundColor>
<noForegroundColor>true</noForegroundColor>
</sourceLabel>
<targetLabel class="oracle.dbtools.crest.model.design.Label">
<site>2</site>
<labelBounds x="546" y="311" width="49" height="30"/>
<noBackgroundColor>true</noBackgroundColor>
<noForegroundColor>true</noForegroundColor>
</targetLabel>
<points>
<point x="245" y="136"/>
<point x="601" y="311"/>
</points>
</Connector>
<Connector class="oracle.dbtools.crest.swingui.logical.TVRelation" oid="C21E0A35-B67A-4492-4830-292E3856256D" otype="Relation" vid_source="F2162254-DDB8-FB0C-79D6-BA36D3B5BA78" vid_target="9F521A2F-3118-08D1-BCCC-0D80A5A29D1D">
<hideElementsInCurrentOnly>false</hideElementsInCurrentOnly>
<backgroundColor>-16777216</backgroundColor>
<lineWidth>1</lineWidth>
<sourceLabel class="oracle.dbtools.crest.model.design.Label">
<site>0</site>
<labelBounds x="237" y="206" width="79" height="30"/>
<noBackgroundColor>true</noBackgroundColor>
<noForegroundColor>true</noForegroundColor>
</sourceLabel>
<targetLabel class="oracle.dbtools.crest.model.design.Label">
<site>2</site>
<labelBounds x="237" y="278" width="54" height="30"/>
<noBackgroundColor>true</noBackgroundColor>
<noForegroundColor>true</noForegroundColor>
</targetLabel>
<points>
<point x="237" y="146"/>
<point x="237" y="314"/>
</points>
</Connector>
<Connector class="oracle.dbtools.crest.swingui.logical.TVRelation" oid="D6BDE603-A7E6-5659-4DE3-7DD08E9310A2" otype="Relation" vid_source="F2162254-DDB8-FB0C-79D6-BA36D3B5BA78" vid_target="A9A671EF-C456-8CF3-9077-728A7BBEC3DC">
<hideElementsInCurrentOnly>false</hideElementsInCurrentOnly>
<backgroundColor>-16777216</backgroundColor>
<lineWidth>1</lineWidth>
<sourceLabel class="oracle.dbtools.crest.model.design.Label">
<site>0</site>
<labelBounds x="255" y="78" width="72" height="30"/>
<noBackgroundColor>true</noBackgroundColor>
<noForegroundColor>true</noForegroundColor>
</sourceLabel>
<targetLabel class="oracle.dbtools.crest.model.design.Label">
<site>2</site>
<labelBounds x="551" y="131" width="45" height="30"/>
<noBackgroundColor>true</noBackgroundColor>
<noForegroundColor>true</noForegroundColor>
</targetLabel>
<points>
<point x="245" y="78"/>
<point x="602" y="131"/>
</points>
</Connector>
<Connector class="oracle.dbtools.crest.swingui.logical.TVInheritanceRelation" oid="DD4B8542-B2CB-3360-6661-9C53642E3355" otype="Hierarchy relation" vid_source="16B57AE3-B1EF-D37B-818F-614DC6F4B995" vid_target="2B1A70F0-814D-275E-DA73-42BE31292221">
<hideElementsInCurrentOnly>false</hideElementsInCurrentOnly>
<backgroundColor>-65536</backgroundColor>
<lineWidth>1</lineWidth>
</Connector>
<Connector class="oracle.dbtools.crest.swingui.logical.TVRelation" oid="F43CE3F8-0971-DDA4-F80F-FBD429B2C307" otype="Relation" vid_source="9F521A2F-3118-08D1-BCCC-0D80A5A29D1D" vid_target="8F5179D4-8E07-E531-86A9-A249720119BC">
<hideElementsInCurrentOnly>false</hideElementsInCurrentOnly>
<backgroundColor>-16777216</backgroundColor>
<lineWidth>1</lineWidth>
<sourceLabel class="oracle.dbtools.crest.model.design.Label">
<site>0</site>
<labelBounds x="318" y="417" width="43" height="30"/>
<noBackgroundColor>true</noBackgroundColor>
<noForegroundColor>true</noForegroundColor>
</sourceLabel>
<targetLabel class="oracle.dbtools.crest.model.design.Label">
<site>2</site>
<labelBounds x="318" y="528" width="48" height="30"/>
<noBackgroundColor>true</noBackgroundColor>
<noForegroundColor>true</noForegroundColor>
</targetLabel>
<points>
<point x="318" y="373"/>
<point x="318" y="564"/>
</points>
</Connector>
<Connector class="oracle.dbtools.crest.swingui.logical.TVInheritanceRelation" oid="FCC138F0-F581-9329-D778-5FA3D3987DB5" otype="Hierarchy relation" vid_source="16B57AE3-B1EF-D37B-818F-614DC6F4B995" vid_target="2FE68219-08BD-C0FC-70D7-087030B30208">
<hideElementsInCurrentOnly>false</hideElementsInCurrentOnly>
<backgroundColor>-65536</backgroundColor>
<lineWidth>1</lineWidth>
</Connector>
</connectors>
</Diagram>