<?xml version = '1.0' encoding = 'UTF-8'?>
<Relation class="oracle.dbtools.crest.model.design.logical.Relation" name="Relation_14" directorySegmentName="seg_0" id="21BC6CBB-7175-175E-8C8F-A46055932815">
<createdBy>alexa</createdBy>
<createdTime>2023-02-26 16:19:21 UTC</createdTime>
<ownerDesignName>trabajo</ownerDesignName>
<engineerTo>
<item key="03EF0D5B-0B82-2CC0-2155-A2403BC5A217" value="true"/>
</engineerTo>
<sourcePk>F949D74D-9CDF-6ECC-A8A5-7C31C08FC30B</sourcePk>
<identifying>false</identifying>
<nameOnSource>dada</nameOnSource>
<nameOnTarget>dar</nameOnTarget>
<optionalSource>false</optionalSource>
<optionalTarget>false</optionalTarget>
<sourceCardinality>1</sourceCardinality>
<sourceEntity>76BA529D-210D-AE67-8062-FBAB4074C63E</sourceEntity>
<targetCardinalityString>*</targetCardinalityString>
<targetEntity>1E3F621F-AF8A-B51A-90DA-BC373ED6FB61</targetEntity>
<transferable>true</transferable>
<deleteRule>NO ACTION</deleteRule>
</Relation>