<?xml version = '1.0' encoding = 'UTF-8'?>
<Relation class="oracle.dbtools.crest.model.design.logical.Relation" name="Relation_12" directorySegmentName="seg_0" id="2E3D267E-1FCC-7BC1-C1F5-EC4EC655A768">
<createdBy>alexa</createdBy>
<createdTime>2023-02-26 16:16:01 UTC</createdTime>
<ownerDesignName>trabajo</ownerDesignName>
<engineerTo>
<item key="7D4801BD-C6D6-AC74-B650-542F94487197" value="true"/>
</engineerTo>
<sourcePk>1D8AB245-3056-EFA1-E54B-779B180301B5</sourcePk>
<identifying>false</identifying>
<nameOnSource>editado por</nameOnSource>
<nameOnTarget>editar</nameOnTarget>
<optionalSource>false</optionalSource>
<optionalTarget>false</optionalTarget>
<sourceCardinality>1</sourceCardinality>
<sourceEntity>F159A18A-C53B-9C0A-B578-FE6B12078FFC</sourceEntity>
<targetCardinalityString>*</targetCardinalityString>
<targetEntity>66071D00-F6B0-B76B-597C-CA0C13827F44</targetEntity>
<transferable>true</transferable>
<deleteRule>NO ACTION</deleteRule>
</Relation>