<?xml version = '1.0' encoding = 'UTF-8'?>
<Relation class="oracle.dbtools.crest.model.design.logical.Relation" name="Relation_2" directorySegmentName="seg_0" id="3AE9BA7C-C1BE-3DF3-65AA-30A4C69D5DAA">
<createdBy>alexa</createdBy>
<createdTime>2023-02-26 15:42:51 UTC</createdTime>
<ownerDesignName>trabajo</ownerDesignName>
<engineerTo>
<item key="7D4801BD-C6D6-AC74-B650-542F94487197" value="true"/>
</engineerTo>
<sourcePk>1D8AB245-3056-EFA1-E54B-779B180301B5</sourcePk>
<identifying>false</identifying>
<nameOnSource>ser publicado</nameOnSource>
<nameOnTarget>publicar</nameOnTarget>
<optionalSource>true</optionalSource>
<optionalTarget>false</optionalTarget>
<sourceCardinality>1</sourceCardinality>
<sourceEntity>F159A18A-C53B-9C0A-B578-FE6B12078FFC</sourceEntity>
<targetCardinalityString>*</targetCardinalityString>
<targetEntity>5EDE7C81-D8A6-5A1E-40A7-1D805CB74CE6</targetEntity>
<transferable>true</transferable>
<deleteRule>NO ACTION</deleteRule>
</Relation>