<?xml version = '1.0' encoding = 'UTF-8'?>
<Relation class="oracle.dbtools.crest.model.design.logical.Relation" name="Relation_13" directorySegmentName="seg_0" id="A3BE34CB-20D7-DAD8-B180-4DB0C41F5FC4">
<createdBy>alexa</createdBy>
<createdTime>2023-02-26 16:17:02 UTC</createdTime>
<ownerDesignName>trabajo</ownerDesignName>
<engineerTo>
<item key="7D4801BD-C6D6-AC74-B650-542F94487197" value="true"/>
</engineerTo>
<identifying>false</identifying>
<nameOnSource>escrito por</nameOnSource>
<nameOnTarget>escribir</nameOnTarget>
<optionalSource>false</optionalSource>
<optionalTarget>false</optionalTarget>
<sourceCardinality>*</sourceCardinality>
<sourceEntity>F159A18A-C53B-9C0A-B578-FE6B12078FFC</sourceEntity>
<targetCardinalityString>*</targetCardinalityString>
<targetEntity>5E85D7AD-E893-0737-B6DB-70F0E9D35B0D</targetEntity>
<transferable>true</transferable>
<deleteRule>NO ACTION</deleteRule>
</Relation>