<?xml version = '1.0' encoding = 'UTF-8'?>
<Relation class="oracle.dbtools.crest.model.design.logical.Relation" name="Relation_4" directorySegmentName="seg_0" id="C21E0A35-B67A-4492-4830-292E3856256D">
<createdBy>alexa</createdBy>
<createdTime>2023-02-26 15:44:29 UTC</createdTime>
<ownerDesignName>trabajo</ownerDesignName>
<engineerTo>
<item key="7D4801BD-C6D6-AC74-B650-542F94487197" value="true"/>
</engineerTo>
<sourcePk>1D8AB245-3056-EFA1-E54B-779B180301B5</sourcePk>
<identifying>false</identifying>
<nameOnSource>ser publicado</nameOnSource>
<nameOnTarget>publicar</nameOnTarget>
<optionalSource>true</optionalSource>
<optionalTarget>false</optionalTarget>
<sourceCardinality>1</sourceCardinality>
<sourceEntity>F159A18A-C53B-9C0A-B578-FE6B12078FFC</sourceEntity>
<targetCardinalityString>*</targetCardinalityString>
<targetEntity>E7D57458-9878-7B37-C395-6655CEDA0805</targetEntity>
<transferable>true</transferable>
<deleteRule>NO ACTION</deleteRule>
</Relation>