<?xml version = '1.0' encoding = 'UTF-8'?>
<Relation class="oracle.dbtools.crest.model.design.logical.Relation" name="Relation_10" directorySegmentName="seg_0" id="D6BDE603-A7E6-5659-4DE3-7DD08E9310A2">
<createdBy>alexa</createdBy>
<createdTime>2023-02-26 16:14:51 UTC</createdTime>
<ownerDesignName>trabajo</ownerDesignName>
<engineerTo>
<item key="7D4801BD-C6D6-AC74-B650-542F94487197" value="true"/>
</engineerTo>
<identifying>false</identifying>
<nameOnSource>revisado por</nameOnSource>
<nameOnTarget>revisar</nameOnTarget>
<optionalSource>false</optionalSource>
<optionalTarget>false</optionalTarget>
<sourceCardinality>*</sourceCardinality>
<sourceEntity>F159A18A-C53B-9C0A-B578-FE6B12078FFC</sourceEntity>
<targetCardinalityString>*</targetCardinalityString>
<targetEntity>1E3F621F-AF8A-B51A-90DA-BC373ED6FB61</targetEntity>
<transferable>true</transferable>
<deleteRule>NO ACTION</deleteRule>
</Relation>