<?xml version = '1.0' encoding = 'UTF-8'?>
<Relation class="oracle.dbtools.crest.model.design.logical.Relation" name="Relation_5" directorySegmentName="seg_0" id="F43CE3F8-0971-DDA4-F80F-FBD429B2C307">
<createdBy>alexa</createdBy>
<createdTime>2023-02-26 15:48:35 UTC</createdTime>
<ownerDesignName>trabajo</ownerDesignName>
<engineerTo>
<item key="7D4801BD-C6D6-AC74-B650-542F94487197" value="true"/>
</engineerTo>
<sourcePk>F00C4D68-7445-3D94-8BA9-B16CC8940114</sourcePk>
<identifying>false</identifying>
<nameOnSource>ser en</nameOnSource>
<nameOnTarget>acoger</nameOnTarget>
<optionalSource>false</optionalSource>
<optionalTarget>false</optionalTarget>
<sourceCardinality>1</sourceCardinality>
<sourceEntity>E7D57458-9878-7B37-C395-6655CEDA0805</sourceEntity>
<targetCardinalityString>*</targetCardinalityString>
<targetEntity>54732A73-C457-2389-9312-B665758C8DF6</targetEntity>
<transferable>true</transferable>
<deleteRule>NO ACTION</deleteRule>
</Relation>