<?xml version = '1.0' encoding = 'UTF-8'?>
<Table class="oracle.dbtools.crest.model.design.relational.Table" directorySegmentName="seg_0" id="12FDFC63-8994-F568-DF80-03FBF9C600F9" name="Relation_13">
<createdBy>majid</createdBy>
<createdTime>2023-05-12 18:45:44 UTC</createdTime>
<ownerDesignName>trabajo</ownerDesignName>
<allowColumnReorder>false</allowColumnReorder>
<existDependencyGenerateInDDl>true</existDependencyGenerateInDDl>
<parsed>true</parsed>
<columns itemClass="oracle.dbtools.crest.model.design.relational.Column">
<Column name="ARTICULO_doi" id="8AC90DEE-F7B4-9465-BD9B-F6B1F4F10BCE">
<createdBy>majid</createdBy>
<createdTime>2023-05-12 18:45:44 UTC</createdTime>
<ownerDesignName>trabajo</ownerDesignName>
<useDomainConstraints>false</useDomainConstraints>
<use>1</use>
<logicalDatatype>LOGDT024</logicalDatatype>
<dataTypeSize>50 CHAR</dataTypeSize>
<ownDataTypeParameters>,,</ownDataTypeParameters>
<previousColumn>false</previousColumn>
<autoIncrementCycle>false</autoIncrementCycle>
<associations>
<colAssociation fkAssociation="F1B8762D-0311-81BF-84F2-2EB5FD1EB7F9" referredColumn="9BD642A7-3947-3EBD-44E4-FC52B81071D1"/>
</associations>
</Column>
<Column name="AUTOR_dni" id="23A644AC-3799-C844-8B66-6A2F8B3DDF67">
<createdBy>majid</createdBy>
<createdTime>2023-05-12 18:45:44 UTC</createdTime>
<ownerDesignName>trabajo</ownerDesignName>
<useDomainConstraints>false</useDomainConstraints>
<use>1</use>
<logicalDatatype>LOGDT024</logicalDatatype>
<dataTypeSize>9 CHAR</dataTypeSize>
<ownDataTypeParameters>,,</ownDataTypeParameters>
<previousColumn>false</previousColumn>
<autoIncrementCycle>false</autoIncrementCycle>
<associations>
<colAssociation fkAssociation="3B59D5B6-F270-EC31-F27F-228D180E6CD7" referredColumn="EB42D3A6-1337-7D02-0A28-C57A9CFE8AE7"/>
</associations>
</Column>
</columns>
<indexes itemClass="oracle.dbtools.crest.model.design.relational.Index">
<ind_PK_UK id="F2C3E1CE-7B51-9C33-5A40-25EED0E5A56F" name="Relation_13_PK">
<createdBy>majid</createdBy>
<createdTime>2023-05-12 18:45:44 UTC</createdTime>
<ownerDesignName>trabajo</ownerDesignName>
<pk>true</pk>
<indexState>Primary Constraint</indexState>
<isSurrogateKey>false</isSurrogateKey>
<indexColumnUsage>
<colUsage columnID="8AC90DEE-F7B4-9465-BD9B-F6B1F4F10BCE"/>
<colUsage columnID="23A644AC-3799-C844-8B66-6A2F8B3DDF67"/>
</indexColumnUsage>
</ind_PK_UK>
<ind_PK_UK id="525358FE-44ED-982A-B731-87E8239278A2" name="Relation_13_ARTICULO_FK">
<createdBy>majid</createdBy>
<createdTime>2023-05-12 18:45:44 UTC</createdTime>
<generatorID>A3BE34CB-20D7-DAD8-B180-4DB0C41F5FC4</generatorID>
<ownerDesignName>trabajo</ownerDesignName>
<indexState>Foreign Key</indexState>
<isSurrogateKey>false</isSurrogateKey>
<indexColumnUsage>
<colUsage columnID="8AC90DEE-F7B4-9465-BD9B-F6B1F4F10BCE"/>
</indexColumnUsage>
</ind_PK_UK>
<ind_PK_UK id="5AB12245-8025-4D63-BC78-C8539E0302E2" name="Relation_13_AUTOR_FK">
<createdBy>majid</createdBy>
<createdTime>2023-05-12 18:45:44 UTC</createdTime>
<generatorID>A3BE34CB-20D7-DAD8-B180-4DB0C41F5FC4</generatorID>
<ownerDesignName>trabajo</ownerDesignName>
<indexState>Foreign Key</indexState>
<isSurrogateKey>false</isSurrogateKey>
<indexColumnUsage>
<colUsage columnID="23A644AC-3799-C844-8B66-6A2F8B3DDF67"/>
</indexColumnUsage>
</ind_PK_UK>
</indexes>
</Table>