<?xml version = '1.0' encoding = 'UTF-8'?>
<Table class="oracle.dbtools.crest.model.design.relational.Table" directorySegmentName="seg_0" id="176DB891-9F66-EDEB-17A3-942A4CA00723" name="REVISOR">
<createdBy>majid</createdBy>
<createdTime>2023-05-12 18:45:44 UTC</createdTime>
<generatorID>1E3F621F-AF8A-B51A-90DA-BC373ED6FB61</generatorID>
<ownerDesignName>trabajo</ownerDesignName>
<allowColumnReorder>false</allowColumnReorder>
<existDependencyGenerateInDDl>true</existDependencyGenerateInDDl>
<parsed>true</parsed>
<columns itemClass="oracle.dbtools.crest.model.design.relational.Column">
<Column name="dni" id="CB7581C6-8311-E691-CF07-0FF4A90EF7FB">
<createdBy>majid</createdBy>
<createdTime>2023-05-12 18:45:44 UTC</createdTime>
<generatorID>859C8106-D8BB-9D5F-F0AF-2990946CDFEF</generatorID>
<ownerDesignName>trabajo</ownerDesignName>
<useDomainConstraints>false</useDomainConstraints>
<use>1</use>
<logicalDatatype>LOGDT024</logicalDatatype>
<dataTypeSize>9 CHAR</dataTypeSize>
<ownDataTypeParameters>,,</ownDataTypeParameters>
<autoIncrementCycle>false</autoIncrementCycle>
<associations>
<colAssociation fkAssociation="A60F878C-C4EF-C43C-1D4D-852BFC7AA174" referredColumn="6457C641-AF88-77BB-EEFF-F8D8D77BF0F5"/>
</associations>
</Column>
<Column name="numero_revisados" id="9B37E9D7-83CF-0D03-7936-E688406E6ACB">
<createdBy>majid</createdBy>
<createdTime>2023-05-12 18:45:44 UTC</createdTime>
<generatorID>4565C08F-17F8-B8E8-93DE-1E021BD3A40D</generatorID>
<ownerDesignName>trabajo</ownerDesignName>
<nullsAllowed>true</nullsAllowed>
<useDomainConstraints>false</useDomainConstraints>
<use>1</use>
<logicalDatatype>LOGDT011</logicalDatatype>
<ownDataTypeParameters>,,</ownDataTypeParameters>
<autoIncrementCycle>false</autoIncrementCycle>
</Column>
<Column name="especialidad" id="95D64D3F-CEAF-53D3-4C27-D90722B4D1B5">
<createdBy>majid</createdBy>
<createdTime>2023-05-12 18:45:44 UTC</createdTime>
<generatorID>210C6F22-A96B-C2AC-A066-7C523A742E39</generatorID>
<ownerDesignName>trabajo</ownerDesignName>
<nullsAllowed>true</nullsAllowed>
<useDomainConstraints>false</useDomainConstraints>
<use>1</use>
<logicalDatatype>LOGDT024</logicalDatatype>
<dataTypeSize>20 CHAR</dataTypeSize>
<ownDataTypeParameters>20 CHAR,,</ownDataTypeParameters>
<autoIncrementCycle>false</autoIncrementCycle>
</Column>
<Column name="REVISION_fecha_envio2" id="7AC6A29C-1C95-54CC-4B59-67EF6970FE5E">
<createdBy>majid</createdBy>
<createdTime>2023-05-12 18:45:44 UTC</createdTime>
<comment><![CDATA[fecha_envio
porcentaje]]></comment>
<generatorID>DAE81602-FB93-E5EC-0F5D-2A7EB695AA60</generatorID>
<ownerDesignName>trabajo</ownerDesignName>
<useDomainConstraints>false</useDomainConstraints>
<use>1</use>
<logicalDatatype>LOGDT007</logicalDatatype>
<ownDataTypeParameters>,,</ownDataTypeParameters>
<previousColumn>false</previousColumn>
<autoIncrementCycle>false</autoIncrementCycle>
<associations>
<colAssociation fkAssociation="4EA9F0DF-9BC0-4FD6-EADD-C793A3AB60BB" referredColumn="CFB7661B-2FF0-73F1-5720-3463C5FF3D12"/>
</associations>
</Column>
</columns>
<indexes itemClass="oracle.dbtools.crest.model.design.relational.Index">
<ind_PK_UK id="FB8FB80D-1259-D20C-DA33-B3DAD4A6A789" name="REVISOR_PK">
<createdBy>majid</createdBy>
<createdTime>2023-05-12 18:45:44 UTC</createdTime>
<generatorID>CA6DEB99-4FD9-2278-7451-1EE35F563205</generatorID>
<ownerDesignName>trabajo</ownerDesignName>
<pk>true</pk>
<indexState>Primary Constraint</indexState>
<isSurrogateKey>false</isSurrogateKey>
<indexColumnUsage>
<colUsage columnID="CB7581C6-8311-E691-CF07-0FF4A90EF7FB"/>
</indexColumnUsage>
</ind_PK_UK>
<ind_PK_UK id="87A66AF2-937E-E986-2182-313D93DDD6E0" name="REVISOR_PERSONA_FK">
<createdBy>majid</createdBy>
<createdTime>2023-05-12 18:45:44 UTC</createdTime>
<generatorID>8560DEF1-2F68-0C50-B5E3-6FE5E7221B52</generatorID>
<ownerDesignName>trabajo</ownerDesignName>
<indexState>Foreign Key</indexState>
<isSurrogateKey>false</isSurrogateKey>
<indexColumnUsage>
<colUsage columnID="CB7581C6-8311-E691-CF07-0FF4A90EF7FB"/>
</indexColumnUsage>
</ind_PK_UK>
<ind_PK_UK id="3DB493EA-5DAE-ED1A-29D8-70B7E3C9C8B1" name="REVISOR_REVISION_FK">
<createdBy>majid</createdBy>
<createdTime>2023-05-12 18:45:44 UTC</createdTime>
<generatorID>21BC6CBB-7175-175E-8C8F-A46055932815</generatorID>
<ownerDesignName>trabajo</ownerDesignName>
<indexState>Foreign Key</indexState>
<isSurrogateKey>false</isSurrogateKey>
<indexColumnUsage>
<colUsage columnID="7AC6A29C-1C95-54CC-4B59-67EF6970FE5E"/>
</indexColumnUsage>
</ind_PK_UK>
</indexes>
</Table>