<?xml version = '1.0' encoding = 'UTF-8'?>
<Table class="oracle.dbtools.crest.model.design.relational.Table" directorySegmentName="seg_0" id="27CE73F6-FEE2-BF38-A5A7-0029CDF60CE4" name="Relation_10">
<createdBy>majid</createdBy>
<createdTime>2023-05-12 18:45:44 UTC</createdTime>
<ownerDesignName>trabajo</ownerDesignName>
<allowColumnReorder>false</allowColumnReorder>
<existDependencyGenerateInDDl>true</existDependencyGenerateInDDl>
<parsed>true</parsed>
<columns itemClass="oracle.dbtools.crest.model.design.relational.Column">
<Column name="ARTICULO_doi" id="FC66A26F-2FFA-B7E5-3CEC-23B6C44F24A0">
<createdBy>majid</createdBy>
<createdTime>2023-05-12 18:45:44 UTC</createdTime>
<ownerDesignName>trabajo</ownerDesignName>
<useDomainConstraints>false</useDomainConstraints>
<use>1</use>
<logicalDatatype>LOGDT024</logicalDatatype>
<dataTypeSize>50 CHAR</dataTypeSize>
<ownDataTypeParameters>,,</ownDataTypeParameters>
<previousColumn>false</previousColumn>
<autoIncrementCycle>false</autoIncrementCycle>
<associations>
<colAssociation fkAssociation="85547BCB-2E9B-D5B7-AFFD-9489DE6053FB" referredColumn="9BD642A7-3947-3EBD-44E4-FC52B81071D1"/>
</associations>
</Column>
<Column name="REVISOR_dni" id="2AB69B00-CED8-F3B6-DF1E-90F705F35F23">
<createdBy>majid</createdBy>
<createdTime>2023-05-12 18:45:44 UTC</createdTime>
<ownerDesignName>trabajo</ownerDesignName>
<useDomainConstraints>false</useDomainConstraints>
<use>1</use>
<logicalDatatype>LOGDT024</logicalDatatype>
<dataTypeSize>9 CHAR</dataTypeSize>
<ownDataTypeParameters>,,</ownDataTypeParameters>
<previousColumn>false</previousColumn>
<autoIncrementCycle>false</autoIncrementCycle>
<associations>
<colAssociation fkAssociation="D1B95146-D8BE-EF03-B985-EA348C3AC898" referredColumn="CB7581C6-8311-E691-CF07-0FF4A90EF7FB"/>
</associations>
</Column>
</columns>
<indexes itemClass="oracle.dbtools.crest.model.design.relational.Index">
<ind_PK_UK id="412913B1-25B0-D236-FF54-6636FBD7EB8B" name="Relation_10_PK">
<createdBy>majid</createdBy>
<createdTime>2023-05-12 18:45:44 UTC</createdTime>
<ownerDesignName>trabajo</ownerDesignName>
<pk>true</pk>
<indexState>Primary Constraint</indexState>
<isSurrogateKey>false</isSurrogateKey>
<indexColumnUsage>
<colUsage columnID="FC66A26F-2FFA-B7E5-3CEC-23B6C44F24A0"/>
<colUsage columnID="2AB69B00-CED8-F3B6-DF1E-90F705F35F23"/>
</indexColumnUsage>
</ind_PK_UK>
<ind_PK_UK id="67C6DBE0-25B1-5469-34F4-AB34A65F3C4F" name="Relation_10_ARTICULO_FK">
<createdBy>majid</createdBy>
<createdTime>2023-05-12 18:45:44 UTC</createdTime>
<generatorID>D6BDE603-A7E6-5659-4DE3-7DD08E9310A2</generatorID>
<ownerDesignName>trabajo</ownerDesignName>
<indexState>Foreign Key</indexState>
<isSurrogateKey>false</isSurrogateKey>
<indexColumnUsage>
<colUsage columnID="FC66A26F-2FFA-B7E5-3CEC-23B6C44F24A0"/>
</indexColumnUsage>
</ind_PK_UK>
<ind_PK_UK id="8EA93E11-119F-C919-7FB8-BB4B62D6E729" name="Relation_10_REVISOR_FK">
<createdBy>majid</createdBy>
<createdTime>2023-05-12 18:45:44 UTC</createdTime>
<generatorID>D6BDE603-A7E6-5659-4DE3-7DD08E9310A2</generatorID>
<ownerDesignName>trabajo</ownerDesignName>
<indexState>Foreign Key</indexState>
<isSurrogateKey>false</isSurrogateKey>
<indexColumnUsage>
<colUsage columnID="2AB69B00-CED8-F3B6-DF1E-90F705F35F23"/>
</indexColumnUsage>
</ind_PK_UK>
</indexes>
</Table>