<?xml version = '1.0' encoding = 'UTF-8'?>
<Table class="oracle.dbtools.crest.model.design.relational.Table" directorySegmentName="seg_0" id="9D5DD82B-AC92-6848-43FA-3F74CD284C10" name="CONGRESO">
<createdBy>majid</createdBy>
<createdTime>2023-05-12 18:45:44 UTC</createdTime>
<generatorID>E7D57458-9878-7B37-C395-6655CEDA0805</generatorID>
<ownerDesignName>trabajo</ownerDesignName>
<allowColumnReorder>false</allowColumnReorder>
<existDependencyGenerateInDDl>true</existDependencyGenerateInDDl>
<parsed>true</parsed>
<columns itemClass="oracle.dbtools.crest.model.design.relational.Column">
<Column name="nombre" id="12226DD3-D21F-7DBA-D3C8-D6D62A0252EF">
<createdBy>majid</createdBy>
<createdTime>2023-05-12 18:45:44 UTC</createdTime>
<generatorID>BFD2FCD2-F58A-7AF3-9474-2B95304F9812</generatorID>
<ownerDesignName>trabajo</ownerDesignName>
<useDomainConstraints>false</useDomainConstraints>
<use>1</use>
<logicalDatatype>LOGDT024</logicalDatatype>
<dataTypeSize>50 CHAR</dataTypeSize>
<ownDataTypeParameters>50 CHAR,,</ownDataTypeParameters>
<autoIncrementCycle>false</autoIncrementCycle>
</Column>
<Column name="fecha" id="230874F2-FE81-A28B-377C-1674816FE753">
<createdBy>majid</createdBy>
<createdTime>2023-05-12 18:45:44 UTC</createdTime>
<generatorID>A8E4EA9E-23AA-3EC7-32DB-94273B6D6AF6</generatorID>
<ownerDesignName>trabajo</ownerDesignName>
<nullsAllowed>true</nullsAllowed>
<useDomainConstraints>false</useDomainConstraints>
<use>1</use>
<logicalDatatype>LOGDT007</logicalDatatype>
<ownDataTypeParameters>,,</ownDataTypeParameters>
<autoIncrementCycle>false</autoIncrementCycle>
</Column>
<Column name="ARTICULO_doi" id="70990118-DDA5-98E6-E5A6-6F7083BA7B3E">
<createdBy>majid</createdBy>
<createdTime>2023-05-12 18:45:44 UTC</createdTime>
<generatorID>0F0A6D5E-BF85-269C-5B77-1EE6A4A406F1</generatorID>
<ownerDesignName>trabajo</ownerDesignName>
<useDomainConstraints>false</useDomainConstraints>
<use>1</use>
<logicalDatatype>LOGDT024</logicalDatatype>
<dataTypeSize>50 CHAR</dataTypeSize>
<ownDataTypeParameters>,,</ownDataTypeParameters>
<previousColumn>false</previousColumn>
<autoIncrementCycle>false</autoIncrementCycle>
<associations>
<colAssociation fkAssociation="3DC614E8-4481-54CF-C2D7-2186D272E6F8" referredColumn="9BD642A7-3947-3EBD-44E4-FC52B81071D1"/>
</associations>
</Column>
</columns>
<indexes itemClass="oracle.dbtools.crest.model.design.relational.Index">
<ind_PK_UK id="40271897-6A79-F020-3E62-8E1D098C0F68" name="CONGRESO_PK">
<createdBy>majid</createdBy>
<createdTime>2023-05-12 18:45:44 UTC</createdTime>
<generatorID>F00C4D68-7445-3D94-8BA9-B16CC8940114</generatorID>
<ownerDesignName>trabajo</ownerDesignName>
<pk>true</pk>
<indexState>Primary Constraint</indexState>
<isSurrogateKey>false</isSurrogateKey>
<indexColumnUsage>
<colUsage columnID="12226DD3-D21F-7DBA-D3C8-D6D62A0252EF"/>
</indexColumnUsage>
</ind_PK_UK>
<ind_PK_UK id="D7E1C3F4-AC22-0E75-6870-B68D2CECFB86" name="CONGRESO_ARTICULO_FK">
<createdBy>majid</createdBy>
<createdTime>2023-05-12 18:45:44 UTC</createdTime>
<generatorID>C21E0A35-B67A-4492-4830-292E3856256D</generatorID>
<ownerDesignName>trabajo</ownerDesignName>
<indexState>Foreign Key</indexState>
<isSurrogateKey>false</isSurrogateKey>
<indexColumnUsage>
<colUsage columnID="70990118-DDA5-98E6-E5A6-6F7083BA7B3E"/>
</indexColumnUsage>
</ind_PK_UK>
</indexes>
</Table>