<?xml version = '1.0' encoding = 'UTF-8'?>
<Table class="oracle.dbtools.crest.model.design.relational.Table" directorySegmentName="seg_0" id="AAE723C4-4300-9EFE-EDCA-C3D8AC41695E" name="EDITOR">
<createdBy>majid</createdBy>
<createdTime>2023-05-12 18:45:44 UTC</createdTime>
<generatorID>66071D00-F6B0-B76B-597C-CA0C13827F44</generatorID>
<ownerDesignName>trabajo</ownerDesignName>
<allowColumnReorder>false</allowColumnReorder>
<existDependencyGenerateInDDl>true</existDependencyGenerateInDDl>
<parsed>true</parsed>
<columns itemClass="oracle.dbtools.crest.model.design.relational.Column">
<Column name="dni" id="6D298B58-B7FA-4773-B339-B89CD53C3E09">
<createdBy>majid</createdBy>
<createdTime>2023-05-12 18:45:44 UTC</createdTime>
<generatorID>859C8106-D8BB-9D5F-F0AF-2990946CDFEF</generatorID>
<ownerDesignName>trabajo</ownerDesignName>
<useDomainConstraints>false</useDomainConstraints>
<use>1</use>
<logicalDatatype>LOGDT024</logicalDatatype>
<dataTypeSize>9 CHAR</dataTypeSize>
<ownDataTypeParameters>,,</ownDataTypeParameters>
<autoIncrementCycle>false</autoIncrementCycle>
<associations>
<colAssociation fkAssociation="E4AD12D5-217D-7656-984E-885B459F1B24" referredColumn="6457C641-AF88-77BB-EEFF-F8D8D77BF0F5"/>
</associations>
</Column>
<Column name="anos_experiencia" id="6289749B-790E-D218-ABE3-B478165A5E2D">
<createdBy>majid</createdBy>
<createdTime>2023-05-12 18:45:44 UTC</createdTime>
<generatorID>7BA65A71-32BF-0608-3671-8CE5D01B4856</generatorID>
<ownerDesignName>trabajo</ownerDesignName>
<nullsAllowed>true</nullsAllowed>
<useDomainConstraints>false</useDomainConstraints>
<use>1</use>
<logicalDatatype>LOGDT011</logicalDatatype>
<ownDataTypeParameters>,,</ownDataTypeParameters>
<autoIncrementCycle>false</autoIncrementCycle>
</Column>
<Column name="ARTICULO_doi" id="405A5C5A-5E3C-EADC-BE5B-47C30268C106">
<createdBy>majid</createdBy>
<createdTime>2023-05-12 18:45:44 UTC</createdTime>
<generatorID>6D5AF184-B217-1D95-89F6-E926FCF3EDA7</generatorID>
<ownerDesignName>trabajo</ownerDesignName>
<useDomainConstraints>false</useDomainConstraints>
<use>1</use>
<logicalDatatype>LOGDT024</logicalDatatype>
<dataTypeSize>50 CHAR</dataTypeSize>
<ownDataTypeParameters>,,</ownDataTypeParameters>
<previousColumn>false</previousColumn>
<autoIncrementCycle>false</autoIncrementCycle>
<associations>
<colAssociation fkAssociation="5DC8DC52-3258-3535-544B-B83FB1669DD1" referredColumn="9BD642A7-3947-3EBD-44E4-FC52B81071D1"/>
</associations>
</Column>
</columns>
<indexes itemClass="oracle.dbtools.crest.model.design.relational.Index">
<ind_PK_UK id="9B810926-77A5-C12D-3219-7ED5B172B807" name="EDITOR_PK">
<createdBy>majid</createdBy>
<createdTime>2023-05-12 18:45:44 UTC</createdTime>
<generatorID>CA6DEB99-4FD9-2278-7451-1EE35F563205</generatorID>
<ownerDesignName>trabajo</ownerDesignName>
<pk>true</pk>
<indexState>Primary Constraint</indexState>
<isSurrogateKey>false</isSurrogateKey>
<indexColumnUsage>
<colUsage columnID="6D298B58-B7FA-4773-B339-B89CD53C3E09"/>
</indexColumnUsage>
</ind_PK_UK>
<ind_PK_UK id="A0E422C9-FBB2-4C89-5B6F-7BCA144F6599" name="EDITOR_PERSONA_FK">
<createdBy>majid</createdBy>
<createdTime>2023-05-12 18:45:44 UTC</createdTime>
<generatorID>FCC138F0-F581-9329-D778-5FA3D3987DB5</generatorID>
<ownerDesignName>trabajo</ownerDesignName>
<indexState>Foreign Key</indexState>
<isSurrogateKey>false</isSurrogateKey>
<indexColumnUsage>
<colUsage columnID="6D298B58-B7FA-4773-B339-B89CD53C3E09"/>
</indexColumnUsage>
</ind_PK_UK>
<ind_PK_UK id="19729F56-C0DB-682A-3FAC-878C7EDD3118" name="EDITOR_ARTICULO_FK">
<createdBy>majid</createdBy>
<createdTime>2023-05-12 18:45:44 UTC</createdTime>
<generatorID>2E3D267E-1FCC-7BC1-C1F5-EC4EC655A768</generatorID>
<ownerDesignName>trabajo</ownerDesignName>
<indexState>Foreign Key</indexState>
<isSurrogateKey>false</isSurrogateKey>
<indexColumnUsage>
<colUsage columnID="405A5C5A-5E3C-EADC-BE5B-47C30268C106"/>
</indexColumnUsage>
</ind_PK_UK>
</indexes>
</Table>