<?xml version = '1.0' encoding = 'UTF-8'?>
<Table class="oracle.dbtools.crest.model.design.relational.Table" directorySegmentName="seg_0" id="D130FBF9-43A3-272B-FFCD-09E705CC7846" name="ARTICULO">
<createdBy>majid</createdBy>
<createdTime>2023-05-12 18:45:44 UTC</createdTime>
<generatorID>F159A18A-C53B-9C0A-B578-FE6B12078FFC</generatorID>
<ownerDesignName>trabajo</ownerDesignName>
<allowColumnReorder>false</allowColumnReorder>
<existDependencyGenerateInDDl>true</existDependencyGenerateInDDl>
<parsed>true</parsed>
<columns itemClass="oracle.dbtools.crest.model.design.relational.Column">
<Column name="doi" id="9BD642A7-3947-3EBD-44E4-FC52B81071D1">
<createdBy>majid</createdBy>
<createdTime>2023-05-12 18:45:44 UTC</createdTime>
<generatorID>2B33E8B3-77D3-8254-80CA-1F277709D2E7</generatorID>
<ownerDesignName>trabajo</ownerDesignName>
<useDomainConstraints>false</useDomainConstraints>
<use>1</use>
<logicalDatatype>LOGDT024</logicalDatatype>
<dataTypeSize>50 CHAR</dataTypeSize>
<ownDataTypeParameters>50 CHAR,,</ownDataTypeParameters>
<autoIncrementCycle>false</autoIncrementCycle>
</Column>
<Column name="titulo" id="19FEF9F5-0102-6872-AE77-4037FE698FB0">
<createdBy>majid</createdBy>
<createdTime>2023-05-12 18:45:44 UTC</createdTime>
<generatorID>3DCAAC4D-C87E-1503-E686-ED89C2A9D954</generatorID>
<ownerDesignName>trabajo</ownerDesignName>
<useDomainConstraints>false</useDomainConstraints>
<use>1</use>
<logicalDatatype>LOGDT024</logicalDatatype>
<dataTypeSize>50 CHAR</dataTypeSize>
<ownDataTypeParameters>50 CHAR,,</ownDataTypeParameters>
<autoIncrementCycle>false</autoIncrementCycle>
</Column>
<Column name="palabras_clave" id="7F89A1BF-59B9-5234-78B7-4E8AD374E1EF">
<createdBy>majid</createdBy>
<createdTime>2023-05-12 18:45:44 UTC</createdTime>
<generatorID>499F9A39-F5B9-FA43-6365-7125C6EBFC94</generatorID>
<ownerDesignName>trabajo</ownerDesignName>
<nullsAllowed>true</nullsAllowed>
<useDomainConstraints>false</useDomainConstraints>
<use>1</use>
<logicalDatatype>LOGDT024</logicalDatatype>
<dataTypeSize>50 CHAR</dataTypeSize>
<ownDataTypeParameters>50 CHAR,,</ownDataTypeParameters>
<autoIncrementCycle>false</autoIncrementCycle>
</Column>
<Column name="resumen" id="D8E35507-26E8-A008-1C37-B86E2D979C7F">
<createdBy>majid</createdBy>
<createdTime>2023-05-12 18:45:44 UTC</createdTime>
<generatorID>6CFE05BA-B0F9-34BB-3321-9B5CC872234D</generatorID>
<ownerDesignName>trabajo</ownerDesignName>
<nullsAllowed>true</nullsAllowed>
<useDomainConstraints>false</useDomainConstraints>
<use>1</use>
<logicalDatatype>LOGDT024</logicalDatatype>
<dataTypeSize>200 CHAR</dataTypeSize>
<ownDataTypeParameters>200 CHAR,,</ownDataTypeParameters>
<autoIncrementCycle>false</autoIncrementCycle>
</Column>
</columns>
<indexes itemClass="oracle.dbtools.crest.model.design.relational.Index">
<ind_PK_UK id="7AAB93CB-176C-408E-F27F-5EA3EB3F61ED" name="ARTICULO_PK">
<createdBy>majid</createdBy>
<createdTime>2023-05-12 18:45:44 UTC</createdTime>
<generatorID>1D8AB245-3056-EFA1-E54B-779B180301B5</generatorID>
<ownerDesignName>trabajo</ownerDesignName>
<pk>true</pk>
<indexState>Primary Constraint</indexState>
<isSurrogateKey>false</isSurrogateKey>
<indexColumnUsage>
<colUsage columnID="9BD642A7-3947-3EBD-44E4-FC52B81071D1"/>
</indexColumnUsage>
</ind_PK_UK>
</indexes>
</Table>