<?xml version = '1.0' encoding = 'UTF-8'?>
<Table class="oracle.dbtools.crest.model.design.relational.Table" directorySegmentName="seg_0" id="EB13DDF6-8177-BAB3-4AAB-835FD00140FD" name="AUTOR">
<createdBy>majid</createdBy>
<createdTime>2023-05-12 18:45:44 UTC</createdTime>
<generatorID>5E85D7AD-E893-0737-B6DB-70F0E9D35B0D</generatorID>
<ownerDesignName>trabajo</ownerDesignName>
<allowColumnReorder>false</allowColumnReorder>
<existDependencyGenerateInDDl>true</existDependencyGenerateInDDl>
<parsed>true</parsed>
<columns itemClass="oracle.dbtools.crest.model.design.relational.Column">
<Column name="dni" id="EB42D3A6-1337-7D02-0A28-C57A9CFE8AE7">
<createdBy>majid</createdBy>
<createdTime>2023-05-12 18:45:44 UTC</createdTime>
<generatorID>859C8106-D8BB-9D5F-F0AF-2990946CDFEF</generatorID>
<ownerDesignName>trabajo</ownerDesignName>
<useDomainConstraints>false</useDomainConstraints>
<use>1</use>
<logicalDatatype>LOGDT024</logicalDatatype>
<dataTypeSize>9 CHAR</dataTypeSize>
<ownDataTypeParameters>,,</ownDataTypeParameters>
<autoIncrementCycle>false</autoIncrementCycle>
<associations>
<colAssociation fkAssociation="EF64A27B-0EE5-704A-0BC9-A31856B92CA3" referredColumn="6457C641-AF88-77BB-EEFF-F8D8D77BF0F5"/>
</associations>
</Column>
<Column name="orcid" id="B7B323CF-F4C1-3C07-78FA-255AF0BEE001">
<createdBy>majid</createdBy>
<createdTime>2023-05-12 18:45:44 UTC</createdTime>
<generatorID>CEDA8435-6D30-899A-4960-1B109572FAD1</generatorID>
<ownerDesignName>trabajo</ownerDesignName>
<useDomainConstraints>false</useDomainConstraints>
<use>1</use>
<logicalDatatype>LOGDT024</logicalDatatype>
<dataTypeSize>16 CHAR</dataTypeSize>
<ownDataTypeParameters>16 CHAR,,</ownDataTypeParameters>
<autoIncrementCycle>false</autoIncrementCycle>
</Column>
<Column name="indice_h" id="69197985-5C26-C097-B884-CC1B8F579BC5">
<createdBy>majid</createdBy>
<createdTime>2023-05-12 18:45:44 UTC</createdTime>
<generatorID>5AF5B782-B564-E07C-168D-4DA9A0C03393</generatorID>
<ownerDesignName>trabajo</ownerDesignName>
<nullsAllowed>true</nullsAllowed>
<useDomainConstraints>false</useDomainConstraints>
<use>1</use>
<logicalDatatype>LOGDT011</logicalDatatype>
<ownDataTypeParameters>,,</ownDataTypeParameters>
<autoIncrementCycle>false</autoIncrementCycle>
</Column>
<Column name="estudios" id="4F20F55D-8848-3766-24A9-ADCC1339017F">
<createdBy>majid</createdBy>
<createdTime>2023-05-12 18:45:44 UTC</createdTime>
<generatorID>AE34B95A-B018-F42D-AE53-25AD90B76475</generatorID>
<ownerDesignName>trabajo</ownerDesignName>
<nullsAllowed>true</nullsAllowed>
<useDomainConstraints>false</useDomainConstraints>
<use>1</use>
<logicalDatatype>LOGDT024</logicalDatatype>
<dataTypeSize>20 CHAR</dataTypeSize>
<ownDataTypeParameters>20 CHAR,,</ownDataTypeParameters>
<autoIncrementCycle>false</autoIncrementCycle>
</Column>
</columns>
<indexes itemClass="oracle.dbtools.crest.model.design.relational.Index">
<ind_PK_UK id="B56F3E15-4D92-205C-3D8C-0F15D75B716C" name="AUTOR_PK">
<createdBy>majid</createdBy>
<createdTime>2023-05-12 18:45:44 UTC</createdTime>
<generatorID>CA6DEB99-4FD9-2278-7451-1EE35F563205</generatorID>
<ownerDesignName>trabajo</ownerDesignName>
<pk>true</pk>
<indexState>Primary Constraint</indexState>
<isSurrogateKey>false</isSurrogateKey>
<indexColumnUsage>
<colUsage columnID="EB42D3A6-1337-7D02-0A28-C57A9CFE8AE7"/>
</indexColumnUsage>
</ind_PK_UK>
<ind_PK_UK id="78C6C606-F55E-D8E8-23AB-9E05BEA32E81" name="AUTOR_PKv1">
<createdBy>majid</createdBy>
<createdTime>2023-05-12 18:45:44 UTC</createdTime>
<generatorID>72B01648-1DB5-7450-5C4A-38C2191AA211</generatorID>
<ownerDesignName>trabajo</ownerDesignName>
<indexState>Unique Constraint</indexState>
<isSurrogateKey>false</isSurrogateKey>
<indexColumnUsage>
<colUsage columnID="B7B323CF-F4C1-3C07-78FA-255AF0BEE001"/>
</indexColumnUsage>
</ind_PK_UK>
<ind_PK_UK id="79EDCB30-119E-9108-CB45-7CCB6FC7F4E4" name="AUTOR_PERSONA_FK">
<createdBy>majid</createdBy>
<createdTime>2023-05-12 18:45:44 UTC</createdTime>
<generatorID>DD4B8542-B2CB-3360-6661-9C53642E3355</generatorID>
<ownerDesignName>trabajo</ownerDesignName>
<indexState>Foreign Key</indexState>
<isSurrogateKey>false</isSurrogateKey>
<indexColumnUsage>
<colUsage columnID="EB42D3A6-1337-7D02-0A28-C57A9CFE8AE7"/>
</indexColumnUsage>
</ind_PK_UK>
</indexes>
</Table>