<?xml version = '1.0' encoding = 'UTF-8'?>
<FKArc class="oracle.dbtools.crest.model.design.relational.FKArc" directorySegmentName="seg_0" id="E2676271-7B13-9BCD-764D-04141AECD931" name="FKArc_1">
<createdBy>majid</createdBy>
<createdTime>2023-05-12 18:45:44 UTC</createdTime>
<ownerDesignName>trabajo</ownerDesignName>
<mandatory>false</mandatory>
<reverseArc>true</reverseArc>
<table>D54963F7-1073-DA00-554B-F6CE1C4F47CE</table>
<discriminatorColumn>23EEFC02-1DCE-1531-819A-260799AAE1AF</discriminatorColumn>
<fkeys>
<fkeyID>A60F878C-C4EF-C43C-1D4D-852BFC7AA174</fkeyID>
<fkeyID>EF64A27B-0EE5-704A-0BC9-A31856B92CA3</fkeyID>
<fkeyID>E4AD12D5-217D-7656-984E-885B459F1B24</fkeyID>
</fkeys>
</FKArc>